Unnamed: 0,JSN,DATE,TIME,Lab#,File Name,H9392MA02_X,L9392MA01_Z,S9392DA01_Y,S9392DA14_Y,S9392M049_Y,S9392M098_Y,H9392MA02_Z,S9392DA15_Y,S9392M076_Y,S9392M079_Y,S9392Q002_Y,H9393MA02_X,L9393MA01_Z,S9393DA01_Y,S9393DA14_Y,S9393M049_Y,S9393M098_Y,H9393MA02_Z,S9393DA15_Y,S9393M076_Y,S9393M079_Y,S9393Q002_Y,H9449DA03_X,L9449DC01_X,H9449DA03_Y,S9392DD03_Z,S9392DD04_Z,S9392DD05_Z,S9393DD03_Z,S9393DD04_Z,S9393DD05_Z,H9448DA02_X,L9448DA01_X,H9448DA02_Y,F9392A792_Y,F9393A792_Y,G9392A792_Y,G9393A792_Y,F9392A792_Z,F9393A792_Z,F9392A796_X,F9393A796_X,G9392A796_Y,G9393A796_Y
1,97051106,11/3/2025,5:32:30,,,-1.28,0.23,-0.04,-1.46,0.47,1.01,0.17,1.97,1.01,0.44,0.17,-0.02,-0.31,2.5,0.65,1.57,1.08,0.5,0.07,0.28,1.38,1.78,0.17,-0.11,0.58,0.33,1.57,0.06,0.75,1.72,-1.11,0.98,0.77,-0.38,0.64,-0.9,2.11,-0.72,-0.37,-0.58,-0.43,-1.24,-0.3,-1.72
2,97054928,11/3/2025,5:33:18,,,-1.18,0.14,-0.33,-1.68,0.39,1.1,0.26,1.38,0.93,0.19,-0.11,0.04,-0.36,3.0,0.75,1.74,1.18,0.54,-0.02,0.27,1.82,2.18,0.44,0.01,0.81,0.24,1.45,0.17,0.68,1.74,-1.49,1.19, ,-0.14,0.41,-0.8,1.67,-0.59,-0.54,-0.51,-0.48,-1.18,-0.78,-1.59
3,97054910,11/3/2025,5:34:06,,,-1.25,0.21,0.54,-1.3,0.85,1.25,0.22,1.82,0.99,0.38,0.29,0.02,-0.16,2.41,0.46,1.54,1.17,0.62,-0.13,0.44,1.34,1.63,0.22,-0.02,0.42,0.32,1.71,0.25,0.82,1.6,-1.32,1.11,0.78,-0.1,0.76,-1.03,2.2,-0.92,-0.27,-0.69,-0.26,-0.94,-0.37,-1.89
4,97054902,11/3/2025,5:34:55,,,-1.14,0.31,-0.39,-1.6,0.37,1.09,0.23,1.67,0.65,0.19,0.12,0.19,-0.25,2.43,0.83,1.67,0.87,0.53,0.16,0.47,1.61,1.99,0.36,0.17,0.8,0.25,1.53,0.35,0.88,1.79,-0.97,1.14,0.83,-0.36,0.6,-0.74,1.89,-0.72,-0.39,-0.47,-0.32,-1.18,-0.57,-1.72
5,97054894,11/3/2025,5:35:43,,,-1.31,0.1,0.01,-1.57,0.42,1.65,0.22,1.82,0.91,0.38,0.17,0.03,-0.34,2.24,0.73,1.49,1.26,0.39,0.04,0.38,1.25,1.57,0.23,-0.03,0.9,0.17,1.66,0.29,0.81,1.62,-1.21,1.14, ,-0.61,0.69,-0.8,2.3,-0.6,-0.31,-0.51,-0.34,-1.26,-0.24,-1.58
8,97054860,11/3/2025,5:38:55,,,-1.25,0.14,-0.13,-1.69,0.37,1.06,0.27,2.12,0.83,0.34,0.12,0.06,-0.09,2.84,0.8,1.73,1.13,0.57,-0.09,0.71,1.54,1.94,0.31,-0.03,1.05,0.43,1.41,0.28,0.63,1.63,-1.53,1.22, ,-0.95,0.81,-1.18,2.47,-1.11,-0.24,-0.79,-0.23,-1.47,0.13,-1.97
9,97054852,11/3/2025,5:40:11,,,-1.2,0.25,0.21,-1.21,0.73,1.27,0.24,1.84,1.01,0.6,0.41,0.01,-0.24,2.33,0.4,1.5,1.11,0.57,0.03,0.79,1.13,1.5,0.02,-0.09,0.37,0.49,1.55,0.23,0.38,1.32,-1.1,1.01,1.02,-0.52,0.58,-1.16,2.21,-1.09,-0.42,-0.79,-0.31,-1.36,-0.13,-1.86
10,97054837,11/3/2025,5:41:34,,,-1.15,0.26,0.04,-1.11,0.61,1.49,0.27,1.89,1.02,0.78,0.66,-0.01,-0.14,2.41,0.23,1.39,1.14,0.58,-0.42,0.63,1.17,1.63,0.59,0.26,0.26,0.41,1.52,0.27,0.39,1.52,-1.42,1.22,0.84,-0.75,0.67,-1.26,2.14,-1.12,-0.36,-0.87,-0.27,-1.49,-0.35,-2.12
11,97047500,11/3/2025,5:46:36,,,-1.33,0.15,-0.31,-1.25,0.35,1.36,0.24,2.11,1.12,0.66,0.76,-0.16,-0.09,2.73,0.67,1.65,1.09,0.6,-0.41,0.52,1.24,1.65,0.0,-0.05,0.4,0.46,1.78,0.45,0.44,1.58,-1.42,1.05, ,-1.23,0.81,-1.43,2.37,-1.44,-0.27,-0.99,-0.42,-1.32,-0.12,-2.21
14,97053797,11/3/2025,5:49:01,,,-1.46,0.38,-0.43,-1.36,0.26,1.08,0.36,2.21,1.0,0.5,0.58,-0.12,-0.23,2.68,0.72,1.81,1.48,0.52,-0.43,0.82,1.44,1.56,0.23,0.19,0.57,0.44,1.63,0.7,0.43,1.47,-1.59,1.24, ,-0.88,0.88,-1.43,2.43,-1.25,-0.25,-0.98,-0.35,-1.4,0.0,-2.01
15,97053797,11/3/2025,6:02:42,,,-1.44,0.35,-0.44,-1.32,0.28,1.06,0.39,2.2,1.01,0.51,0.61,-0.07,-0.11,2.68,0.73,1.85,1.49,0.51,-0.4,0.81,1.46,1.61,0.28,0.18,0.6,0.49,1.66,0.72,0.44,1.44,-1.57,1.23,1.27,-0.85,0.91,-1.43,2.45,-1.24,-0.22,-0.97,-0.34,-1.37,-0.01,-2
16,97053797,11/3/2025,6:06:33,,,-1.46,0.3,-0.44,-1.3,0.28,1.06,0.39,2.18,0.98,0.54,0.6,-0.08,-0.1,2.68,0.75,1.84,1.48,0.52,-0.4,0.83,1.48,1.58,0.26,0.17,0.6,0.49,1.65,0.32,0.44,1.43,-1.55,1.23,1.02,-0.85,0.88,-1.41,2.41,-1.22,-0.24,-0.96,-0.35,-1.37,-0.02,-2
17,97053789,11/3/2025,6:07:18,,,-1.32,0.28,-0.23,-1.44,0.46,1.34,0.31,1.78,1.06,0.4,0.33,-0.01,-0.08,2.83,0.75,1.67,1.28,0.61,0.06,0.96,1.68,1.85,0.24,0.05,0.76,0.38,1.55,0.57,0.55,1.61,-1.35,1.04, ,-1.01,0.81,-1.19,2.07,-1.1,-0.31,-0.77,-0.31,-1.21,-0.3,-1.88
19,97077317,11/3/2025,6:09:06,,,-1.2,0.31,0.05,-1.29,0.79,1.19,0.41,1.75,0.8,0.17,0.52,-0.03,-0.18,2.69,0.72,1.62,0.97,0.61,0.05,0.73,1.55,1.78,0.15,-0.13,0.55,0.45,1.83,0.68,0.62,1.62,-1.28,1.07,1.21,-0.41,0.95,-1.14,2.11,-0.88,-0.2,-0.72,-0.38,-1.42,-0.35,-1.36
20,97077309,11/3/2025,6:14:47,,,-1.47,0.26,0.11,-1.62,0.37,1.56,0.38,1.84,1.39,0.53,-0.1,-0.06,-0.3,2.72,0.91,1.73,1.22,0.47,-0.03,0.54,1.44,1.9,0.24,-0.19,0.78,0.25,1.52,0.59,0.54,1.68,-1.28,0.97, ,-0.97,1.03,-1.15,2.36,-0.97,-0.14,-0.7,-0.14,-1.28,-0.09,-1.9
22,97077283,11/3/2025,6:22:56,,,-1.48,0.13,0.87,-0.92,1.17,1.86,0.22,2.87,1.78,1.02,0.51,-0.19,-0.19,2.21,0.21,1.17,0.7,0.64,-0.24,0.21,0.95,1.35,0.2,-0.27,-0.17,0.23,1.56,0.13,0.45,1.62,-1.41,0.95,1.3,-1.08,1.12,-1.24,2.74,-0.97,-0.07,-0.75,-0.15,-1.38,0.38,-1.86
24,97077267,11/3/2025,6:24:35,,,-1.37,0.37,0.13,-1.55,0.44,0.86,0.32,1.46,1.14,0.27,-0.31,-0.06,-0.24,2.97,0.92,1.89,1.29,0.37,0.37,0.41,1.42,2.0,0.17,-0.14,0.9,0.02,1.33,0.22,0.52,1.59,-1.55,0.94,0.98,-0.6,0.72,-1.3,1.89,-0.97,-0.38,-0.78,-0.27,-1.27,-0.55,-1.76
27,97078703,11/3/2025,6:26:51,,,-1.22,0.34,-0.05,-1.58,0.4,1.56,0.42,1.71,1.21,0.36,-0.42,-0.01,-0.42,3.04,0.99,1.78,1.04,0.41,0.46,0.36,1.7,2.18,0.4,-0.1,1.04,-0.01,1.15,0.42,0.63,1.71,-1.31,1.09,1.3,-0.96,0.96,-1.03,2.09,-0.78,-0.19,-0.58,-0.14,-0.81,-0.41,-1.74
29,97046858,11/3/2025,6:28:42,,,-1.53,0.43,0.34,-1.4,0.71,1.83,0.39,1.75,1.42,0.54,-0.17,-0.17,-0.44,3.06,0.68,1.83,1.0,0.48,0.62,0.4,1.47,1.99,0.04,-0.4,0.47,0.18,1.13,-0.04,0.45,1.59,-1.43,0.98,2.19,-0.4,0.6,-1.09,1.98,-0.56,-0.46,-0.62,-0.29,-0.88,-0.45,-1.39
34,97078562,11/3/2025,6:36:24,,,-1.39,0.37,0.17,-1.57,0.6,1.38,0.32,2.13,1.12,0.34,0.0,-0.06,-0.26,3.04,0.66,2.08,1.21,0.55,-0.34,0.69,1.42,1.7,0.42,-0.16,0.58,0.2,1.43,0.33,0.47,1.37,-1.64,1.37, ,-0.75,1.01,-1.32,2.25,-1.14,-0.13,-0.81,-0.18,-1.45,-0.42,-2.04
35,97078554,11/3/2025,6:37:09,,,-1.22,0.39,-0.11,-1.47,0.5,1.17,0.39,1.98,0.43,0.13,0.28,0.06,-0.18,3.09,0.68,2.2,1.47,0.56,-0.2,0.67,1.38,1.79,0.26,-0.17,0.63,0.39,1.62,0.29,0.53,1.43,-1.57,1.34,1.15,-0.32,0.93,-1.21,2.19,-1.08,-0.19,-0.72,-0.23,-1.44,-0.36,-2.04
36,97078240,11/3/2025,6:37:54,,,-1.24,0.31,-0.57,-1.86,0.16,0.99,0.34,1.7,0.52,-0.09,-0.05,0.1,-0.4,3.42,1.06,2.33,1.41,0.51,-0.05,0.84,1.71,1.95,0.44,0.12,1.12,0.17,1.46,0.25,0.59,1.43,-1.61,1.32, ,-0.71,0.87,-1.1,2.2,-0.97,-0.24,-0.64,-0.23,-1.27,-0.44,-1.97
37,97078232,11/3/2025,6:38:39,,,-1.31,0.42,-0.06,-1.68,0.68,1.11,0.28,1.68,0.56,-0.06,0.0,0.01,-0.15,2.97,0.85,2.0,1.25,0.63,0.31,0.59,1.4,2.05,0.18,-0.16,0.74,0.19,1.37,0.16,0.47,1.68,-1.46,0.96, ,-0.41,0.69,-1.16,1.88,-0.93,-0.38,-0.68,-0.26,-1.3,-0.55,-1.74
38,97078224,11/3/2025,6:39:23,,,-1.37,0.31,-0.19,-1.61,0.47,1.51,0.31,1.64,0.43,0.07,0.17,-0.02,-0.23,3.02,0.85,1.96,1.05,0.54,0.42,0.72,1.6,1.98,0.37,-0.09,0.84,0.15,1.55,0.2,0.32,1.65,-1.35,1.1, ,-0.49,0.84,-0.85,2.25,-0.54,-0.26,-0.44,-0.31,-1.13,-0.42,-1.49
39,97078216,11/3/2025,6:40:08,,,-1.26,0.43,0.13,-1.33,0.77,1.16,0.4,2.09,1.11,0.33,0.21,0.03,-0.16,2.76,0.7,1.96,1.21,0.58,0.3,0.48,1.39,1.88,0.41,0.16,0.45,0.28,1.5,0.03,0.29,1.61,-0.83,1.04,0.86,-0.49,0.97,-0.94,2.23,-0.75,-0.16,-0.51,-0.18,-1.23,-0.22,-1.77
40,97048029,11/3/2025,6:40:53,,,-1.32,0.45,0.02,-1.31,0.83,1.33,0.41,1.88,0.65,0.27,0.36,-0.08,-0.26,2.92,0.83,1.82,1.32,0.51,0.5,0.47,1.23,1.86,0.18,0.08,0.65,0.22,1.74,0.47,0.44,1.6,-1.68,1.05,1.15,-0.59,0.92,-1.2,2.15,-0.82,-0.21,-0.71,-0.34,-1.2,-0.38,-1.68
44,97053821,11/3/2025,6:47:10,,,-1.23,0.36,0.19,-1.35,0.75,1.57,0.31,1.76,0.55,0.19,0.25,0.04,-0.38,2.78,0.82,1.83,0.96,0.43,0.74,0.53,1.35,1.88,0.11,0.03,0.64,0.16,1.49,0.18,0.77,1.55,-1.68,1.02,1.06,-0.33,0.92,-1.16,2.09,-0.91,-0.2,-0.67,-0.13,-1.09,-0.43,-1.65
45,97053813,11/3/2025,6:47:55,,,-1.34,0.27,-0.09,-1.17,0.62,1.25,0.34,2.18,0.86,0.35,0.7,-0.02,-0.22,2.64,0.63,1.9,1.31,0.58,-0.24,0.62,1.19,1.59,0.1,-0.01,0.68,0.36,1.75,0.51,0.29,1.51,-1.41,0.95, ,-1.49,1.37,-1.3,2.64,-1.26,0.14,-0.78,-0.22,-1.32,-0.09,-2.38
46,97078208,11/3/2025,6:48:40,,,-1.25,0.14,-0.03,-1.64,0.58,1.77,0.33,1.93,1.25,0.48,-0.15,-0.01,-0.11,2.94,1.11,2.44,0.99,0.56,-0.01,0.39,1.43,1.92,0.48,0.29,0.86,0.02,1.29,0.15,0.47,1.55,-1.43,1.26,1.3,-0.75,0.98,-1.19,2.14,-0.97,-0.16,-0.7,-0.12,-0.94,-0.48,-1.71
50,97078166,11/3/2025,6:56:54,,,-1.21,0.34,-0.11,-1.9,0.33,1.24,0.39,1.4,1.05,0.24,-0.31,0.03,-0.29,3.36,1.25,2.28,1.4,0.38,0.76,0.92,1.75,2.13,0.09,-0.12,1.21,0.12,1.51,0.15,0.75,1.67,-1.26,1.15, ,-0.03,0.75,-1.01,1.89,-0.64,-0.34,-0.53,-0.38,-1.16,-0.83,-1.46
52,97078323,11/3/2025,6:58:46,,,-1.37,0.36,0.03,-1.5,0.45,1.09,0.28,1.43,1.16,0.3,-0.24,-0.08,-0.57,2.99,1.01,2.03,1.14,0.51,0.37,0.92,1.65,2.22,0.28,-0.17,0.75,0.24,1.46,0.2,0.49,1.54,-1.1,1.13,1.09,0.11,0.65,-0.83,1.89,-0.47,-0.41,-0.39,-0.44,-1.18,-0.76,-1.48
53,97078315,11/3/2025,7:09:56,,,-1.22,0.42,-0.12,-1.61,0.27,1.44,0.43,1.76,1.0,0.37,-0.21,-0.02,-0.38,3.16,1.13,2.17,1.53,0.59,0.46,0.68,1.55,2.23,0.17,-0.14,0.91,0.43,1.5,0.39,0.39,1.82,-1.26,1.27,1.18,-0.3,0.87,-1.02,1.9,-0.61,-0.24,-0.53,-0.35,-1.13,-0.85,-1.45
54,97078307,11/3/2025,7:10:58,,,-1.56,0.19,0.35,-1.33,0.68,1.49,0.3,1.59,1.01,0.5,-0.06,-0.22,-0.26,2.72,0.57,1.59,1.0,0.67,0.67,0.69,1.36,1.92,0.22,-0.18,0.33,0.21,1.37,0.16,0.43,1.61,-1.05,0.93,2.43,-0.34,0.65,-0.96,2.01,-0.5,-0.41,-0.48,-0.46,-1.05,-0.57,-1.3
56,97078273,11/3/2025,7:14:01,,,-1.21,0.39,0.15,-1.7,0.63,1.04,0.35,1.83,1.08,0.22,-0.11,0.03,-0.08,3.23,0.95,2.1,1.36,0.6,0.28,0.5,1.43,2.05,0.18,-0.04,0.91,-0.09,1.35,0.22,0.27,1.63,-1.24,1.17, ,-0.74,0.89,-1.04,2.08,-1.02,-0.21,-0.53,-0.3,-1.09,-0.52,-1.91
57,97078265,11/3/2025,7:16:05,,,-1.47,0.59,-0.24,-1.92,0.24,1.53,0.43,1.67,1.01,0.05,-0.48,0.12,-0.04,3.26,1.22,2.26,1.32,0.52,0.69,0.66,1.71,2.53,0.01,-0.21,1.3,0.06,1.4,0.33,0.68,1.87,-1.22,0.93,1.26,-0.32,0.77,-1.02,2.03,-0.83,-0.31,-0.53,-0.33,-1.23,-0.59,-1.7
58,97078257,11/3/2025,7:20:50,,,-1.25,0.33,-0.08,-1.62,0.5,1.06,0.37,2.02,1.04,0.15,-0.23,0.1,-0.27,3.19,0.99,2.09,1.1,0.55,0.24,0.53,1.61,2.13,0.27,0.15,0.87,-0.01,1.39,0.06,0.85,1.72,-1.15,1.07, ,-0.82,0.93,-1.05,2.21,-0.93,-0.18,-0.54,-0.32,-1.1,-0.41,-1.81
59,97053771,11/3/2025,7:21:34,,,-1.3,0.37,-0.09,-1.64,0.39,1.45,0.46,1.93,1.17,0.39,-0.23,0.03,-0.28,2.99,1.09,2.18,1.35,0.54,0.0,0.43,1.58,2.17,0.3,0.04,0.92,0.31,1.35,0.27,0.68,1.92,-1.26,1.24,1.16,-0.36,0.95,-1.21,2.14,-0.91,-0.16,-0.66,-0.04,-1.27,-0.42,-1.81
61,97053755,11/3/2025,7:23:03,,,-1.22,0.32,0.81,-0.91,1.12,2.07,0.39,2.14,1.54,0.89,0.31,0.08,0.0,2.11,0.43,1.38,0.81,0.63,-0.16,0.11,0.99,1.47,0.27,-0.19,0.14,0.3,1.51,0.37,0.7,1.63,-1.48,1.06,1.24,-0.55,0.95,-1.15,2.22,-1.02,-0.16,-0.62,-0.26,-1.06,-0.54,-1.88
62,97053748,11/3/2025,7:23:48,,,-1.29,0.31,0.55,-1.02,0.86,1.67,0.34,1.54,1.33,0.59,-0.11,-0.16,-0.3,2.74,0.66,1.65,0.89,0.71,0.19,0.11,1.2,1.86,0.33,-0.21,0.52,0.17,1.53,0.36,0.85,1.77,-1.03,0.94,1.34,-0.53,0.88,-1.05,2.11,-0.64,-0.22,-0.54,-0.38,-1.12,-0.68,-1.49
63,97053730,11/3/2025,7:24:33,,,-1.32,0.39,-0.24,-1.33,0.19,1.53,0.39,1.72,1.47,0.55,-0.29,0.02,-0.28,3.03,0.98,2.04,0.87,0.45,0.33,0.74,1.45,2.17,0.18,-0.04,1.02,0.02,1.27,0.24,0.56,1.8,-1.14,1.09,1.21,-0.88,0.95,-1.02,2.18,-0.84,-0.16,-0.52,-0.29,-1.11,-0.53,-1.83
65,97078299,11/3/2025,7:26:03,,,-1.44,0.29,-0.1,-1.8,0.29,1.26,0.44,1.59,0.96,0.17,-0.29,0.02,-0.38,2.95,1.15,2.14,1.27,0.34,0.37,0.85,1.68,2.13,-0.02,0.02,1.11,0.03,1.42,0.22,0.76,1.6,-1.04,0.94, ,-0.23,0.81,-1.12,2.24,-0.6,-0.28,-0.59,-0.46,-1.5,-0.45,-1.43
66,97053714,11/3/2025,7:26:48,,,-1.27,0.32,0.18,-1.35,0.8,1.68,0.34,1.63,1.14,0.59,-0.09,-0.08,-0.13,2.77,0.79,1.74,0.97,0.63,0.34,0.6,1.23,1.88,0.28,0.1,0.47,0.13,1.35,0.23,0.38,1.63,-1.19,1.19, ,-0.69,0.76,-1.05,2.11,-0.88,-0.31,-0.54,-0.43,-1.28,-0.64,-1.84
67,97053706,11/3/2025,7:27:59,,,-1.21,0.17,0.29,-1.24,0.92,1.72,0.3,1.41,1.31,0.47,-0.12,-0.02,-0.1,2.62,0.87,1.68,0.99,0.5,0.94,0.24,1.08,1.84,0.25,-0.11,0.84,0.11,1.45,0.11,0.57,1.68,-1.32,0.81, ,-0.43,0.93,-1.22,2.18,-0.93,-0.18,-0.66,-0.24,-1.22,-0.47,-1.67
69,97053672,11/3/2025,7:47:19,,,-1.31,0.44,0.09,-1.43,0.63,1.11,0.38,1.63,1.29,0.46,-0.11,0.01,-0.3,2.74,0.73,1.81,1.17,0.49,-0.03,0.32,1.15,1.79,0.04,0.0,0.58,0.18,1.52,0.37,0.49,1.65,-1.27,0.9,1.19,-0.57,0.94,-1.14,2.12,-0.93,-0.17,-0.6,-0.23,-1.22,-0.54,-1.82
70,97053664,11/3/2025,7:48:07,,,-1.29,0.32,-0.01,-1.51,0.53,1.5,0.27,1.79,1.13,0.42,-0.11,0.09,-0.16,3.05,0.76,1.87,1.13,0.6,-0.08,0.53,1.37,1.92,0.41,0.0,0.76,-0.06,1.32,0.35,0.53,1.7,-1.34,1.1, ,-0.88,1.03,-1.12,2.29,-1.04,-0.1,-0.57,-0.14,-1.25,-0.37,-1.95
71,97053656,11/3/2025,7:48:55,,,-1.28,0.29,0.53,-0.89,0.8,1.45,0.38,1.89,1.43,0.85,0.24,-0.04,-0.11,2.5,0.48,1.64,0.95,0.51,0.16,0.11,0.94,1.61,0.01,-0.32,0.21,0.5,1.58,0.14,0.57,1.66,-1.41,0.85, ,-0.74,1.08,-1.43,2.43,-1.23,-0.06,-0.81,-0.11,-1.36,-0.06,-2.04
72,97053649,11/3/2025,7:49:42,,,-1.3,0.25,0.33,-1.38,0.79,1.73,0.38,1.87,1.03,0.41,0.02,0.05,-0.07,2.45,0.77,1.67,1.1,0.49,0.03,0.52,1.28,1.92,0.12,-0.23,0.58,0.18,1.38,0.13,0.75,1.79,-1.23,0.94,1.24,-0.58,0.9,-1.23,2.18,-1.1,-0.19,-0.65,-0.25,-1.16,-0.4,-2
73,97053631,11/3/2025,7:55:03,,,-1.44,0.09,1.01,-0.97,1.07,1.29,0.29,2.25,1.43,0.86,0.32,-0.13,0.14,2.38,0.38,1.38,1.69,0.65,-0.25,0.5,1.17,1.61,0.17,-0.16,0.1,0.34,1.57,0.19,0.39,1.49,-1.43,1.06, ,-1.14,1.21,-1.4,2.68,-1.18,0.05,-0.79,-0.07,-1.52,0.01,-1.91
74,97053623,11/3/2025,7:55:50,,,-1.41,0.3,-0.06,-1.72,0.28,1.36,0.43,2.2,1.01,0.34,0.09,-0.03,-0.18,3.05,0.94,1.87,1.06,0.29,-0.45,0.46,1.44,1.93,0.44,0.01,0.99,0.06,1.43,0.15,0.74,1.68,-1.34,1.27, ,-1.06,0.99,-1.34,2.34,-1.15,-0.11,-0.75,-0.18,-1.32,-0.3,-2.2
75,97053615,11/3/2025,8:00:14,,,-1.37,0.32,0.57,-0.97,0.98,1.4,0.29,2.16,1.24,0.66,0.35,0.01,-0.11,2.55,0.46,1.46,0.74,0.65,0.01,0.23,1.13,1.73,0.38,-0.21,0.32,0.17,1.53,0.08,0.65,1.81,-0.9,1.16,1.23,-0.73,1.0,-1.11,2.3,-0.99,-0.1,-0.57,-0.1,-1.37,-0.15,-1.99
76,97053607,11/3/2025,8:01:03,,,-1.45,0.47,-0.21,-1.74,0.31,0.84,0.34,1.69,1.04,0.25,-0.21,0.04,-0.22,2.93,1.02,2.05,1.43,0.43,0.01,0.31,1.33,1.84,0.07,-0.28,1.11,0.23,1.36,0.18,0.79,1.58,-0.93,0.61, ,-0.59,0.8,-1.0,1.95,-0.67,-0.26,-0.48,-0.28,-1.26,-0.42,-1.77
79,97076061,11/3/2025,8:04:17,,,-1.22,0.51,0.01,-1.52,0.58,1.04,0.41,1.61,1.06,0.26,-0.08,-0.04,0.02,3.02,0.9,2.01,1.38,0.53,0.33,0.69,1.53,1.97,0.17,-0.3,0.88,0.27,1.67,0.16,0.39,1.46,-1.43,0.87,1.05,-0.32,0.9,-1.17,1.99,-0.79,-0.18,-0.61,-0.25,-1.59,-0.6,-1.62
80,97076053,11/3/2025,8:09:17,,,-1.26,0.38,-0.19,-1.71,0.26,1.16,0.31,1.51,0.77,0.04,-0.41,0.01,-0.27,2.89,1.09,2.27,1.56,0.48,0.61,0.57,1.51,2.15,-0.02,-0.05,1.17,0.14,1.47,0.28,1.04,1.81,-1.37,0.98, ,-0.03,0.82,-0.82,1.87,-0.44,-0.24,-0.33,-0.38,-1.25,-0.76,-1.43
82,97075931,11/3/2025,8:10:54,,,-1.19,0.47,-0.36,-1.5,0.07,1.01,0.35,1.74,0.53,0.23,0.21,0.2,-0.43,3.2,0.9,2.08,1.3,0.38,0.43,0.69,1.39,1.92,0.47,0.0,0.95,0.27,1.33,0.22,0.29,1.64,-1.22,1.19, ,-0.28,0.75,-0.7,1.91,-0.62,-0.3,-0.24,-0.43,-1.03,-0.71,-1.68
84,97075915,11/3/2025,8:12:30,,,-1.26,0.6,-0.08,-1.33,0.18,1.27,0.4,1.93,1.04,0.59,0.42,0.04,-0.34,3.02,0.76,1.8,1.02,0.35,0.19,0.42,1.19,1.77,0.02,-0.32,0.57,0.24,1.41,0.19,0.39,1.48,-1.12,1.19,1.13,-0.55,0.83,-1.03,1.95,-0.82,-0.23,-0.5,-0.22,-1.54,-0.5,-2.03
85,97075907,11/3/2025,8:13:19,,,-1.62,0.31,-0.26,-1.35,0.33,1.15,0.41,1.85,0.88,0.43,0.25,-0.08,-0.37,2.98,0.97,1.84,1.23,0.51,0.69,0.65,1.37,2.0,0.05,0.03,0.64,0.28,1.55,0.6,0.41,1.64,-1.3,1.21,1.18,-0.25,0.6,-1.05,2.3,-0.73,-0.41,-0.51,-0.54,-1.45,-0.32,-1.74
86,97075899,11/3/2025,8:14:07,,,-1.33,0.28,-0.2,-1.38,0.32,1.17,0.3,2.15,0.94,0.42,0.28,-0.06,-0.31,2.88,0.87,1.79,1.0,0.52,0.3,0.64,1.43,2.0,0.26,0.1,0.61,0.13,1.46,0.25,0.54,1.7,-1.2,1.18,1.1,-0.78,0.85,-0.98,2.21,-0.83,-0.22,-0.46,-0.34,-1.26,-0.39,-1.75
87,97075881,11/3/2025,8:18:39,,,-1.35,0.44,-0.4,-1.71,0.09,0.91,0.4,2.0,0.54,0.1,0.13,-0.11,-0.24,3.18,1.15,2.14,1.65,0.34,0.54,0.79,1.54,2.06,0.17,0.09,0.98,0.16,1.75,0.33,0.5,1.46,-1.5,1.15,1.21,-0.58,0.93,-1.17,2.36,-0.92,-0.15,-0.6,-0.3,-1.32,-0.21,-1.78
88,97075873,11/3/2025,8:19:26,,,-1.36,0.33,-0.74,-1.97,-0.23,0.68,0.47,1.84,0.56,-0.08,-0.37,-0.11,-0.29,3.42,1.39,2.38,1.48,0.32,0.57,0.97,1.72,2.28,0.16,0.03,1.48,0.1,1.48,0.28,0.52,1.55,-1.29,0.88, ,-0.35,0.81,-0.86,2.07,-0.52,-0.25,-0.37,-0.41,-1.36,-0.48,-1.47
89,97075865,11/3/2025,8:20:47,,,-1.28,0.33,-0.26,-1.35,0.39,1.21,0.33,1.85,0.87,0.5,0.45,0.0,-0.34,2.7,0.83,1.72,1.07,0.54,0.45,0.5,1.38,1.74,0.18,-0.05,0.61,0.07,1.51,0.19,0.7,1.69,-1.2,1.17,1.13,-0.38,0.82,-0.87,2.12,-0.69,-0.24,-0.38,-0.38,-1.27,-0.49,-1.7
90,97075857,11/3/2025,8:21:35,,,-1.31,0.45,0.1,-1.22,0.44,1.27,0.31,2.0,0.92,0.45,0.38,0.02,-0.29,2.39,0.46,1.68,1.28,0.5,0.26,0.43,1.1,1.59,0.32,0.13,0.21,0.32,1.67,0.35,0.45,1.47,-1.16,1.36,1.75,-0.42,0.95,-1.02,2.2,-0.74,-0.14,-0.49,-0.14,-1.4,-0.28,-1.61
93,97075816,11/3/2025,8:28:52,,,-1.25,0.38,0.23,-1.09,0.8,1.28,0.31,1.67,1.09,0.34,-0.09,-0.02,-0.27,2.1,0.48,1.32,0.75,0.55,0.77,1.06,1.27,1.62,0.15,-0.24,0.18,0.18,1.52,-0.02,0.53,1.42,-1.08,1.2, ,-0.17,0.68,-1.05,1.95,-0.79,-0.33,-0.52,-0.47,-1.25,-0.64,-1.76
96,97046536,11/3/2025,8:31:32,,,-1.34,0.26,-0.01,-1.6,0.62,1.33,0.41,1.84,0.54,0.01,0.12,-0.06,-0.2,2.96,0.85,1.75,1.35,0.48,0.39,0.75,1.48,2.05,0.28,0.06,0.78,0.17,1.55,0.18,0.39,1.47,-1.32,1.22,1.39,-0.33,0.71,-0.88,2.04,-0.58,-0.3,-0.39,-0.41,-1.27,-0.55,-1.63
98,97069132,11/3/2025,8:33:55,,,-1.31,0.28,-0.12,-1.59,0.76,1.18,0.42,1.62,0.88,0.08,0.01,0.15,-0.34,3.18,0.76,1.84,1.45,0.45,0.25,0.96,1.57,1.88,0.38,0.07,0.67,0.11,1.51,0.15,0.23,1.2,-1.54,1.44, ,-0.22,0.74,-0.86,2.1,-0.74,-0.27,-0.38,-0.45,-1.11,-0.45,-1.69
99,97069199,11/3/2025,8:34:44,,,-1.31,0.34,-0.2,-1.67,0.48,1.28,0.35,1.4,0.36,-0.18,-0.04,-0.01,-0.25,2.99,0.82,1.88,1.56,0.5,0.46,0.97,1.5,2.05,0.24,0.08,0.75,0.14,1.48,0.08,0.44,1.56,-1.28,1.2, ,-0.16,0.4,-0.83,1.62,-0.53,-0.53,-0.34,-0.64,-1.16,-0.93,-1.48
100,97069207,11/3/2025,8:35:32,,,-1.23,0.5,-0.26,-1.73,0.61,1.11,0.35,1.31,0.55,-0.13,-0.19,0.13,-0.26,3.13,0.84,1.9,1.45,0.38,0.81,0.77,1.54,2.08,0.31,0.02,0.97,0.17,1.55,0.06,0.4,1.41,-1.38,1.19,2.13,-0.21,0.44,-0.94,1.69,-0.63,-0.5,-0.42,-0.41,-1.4,-0.76,-1.38
101,97069215,11/3/2025,8:36:22,,,-1.37,0.33,-0.32,-1.81,0.26,1.3,0.39,1.58,0.43,-0.14,0.11,-0.01,-0.26,3.18,1.12,2.15,1.79,0.31,0.32,0.75,1.68,2.25,0.17,0.26,1.07,0.08,1.71,0.35,0.5,1.52,-1.43,1.31, ,0.24,0.55,-0.98,1.85,-0.73,-0.41,-0.45,-0.53,-1.2,-0.75,-1.66
102,97069223,11/3/2025,8:37:10,,,-1.27,0.38,-0.32,-1.94,0.5,1.01,0.54,1.65,0.49,-0.13,-0.01,0.04,-0.3,3.1,1.09,2.15,1.95,0.3,0.5,0.8,1.52,2.17,0.41,0.16,1.35,0.18,1.67,0.25,0.51,1.53,-1.31,1.31, ,-0.45,0.66,-0.97,2.03,-0.75,-0.32,-0.44,-0.47,-1.3,-0.44,-1.72
103,97069231,11/3/2025,8:42:03,,,-1.29,0.26,-0.18,-1.72,0.43,1.56,0.44,1.32,0.57,0.02,0.06,0.04,-0.28,3.26,0.87,2.0,1.09,0.45,0.77,0.54,1.37,2.19,0.51,0.38,0.91,0.04,1.59,0.08,0.4,1.38,-0.81,1.31, ,0.0,0.41,-0.66,1.61,-0.5,-0.51,-0.21,-0.46,-1.21,-0.87,-1.57
104,97069249,11/3/2025,8:42:51,,,-1.27,0.46,-0.19,-1.45,0.47,1.43,0.47,1.48,0.72,0.14,0.16,0.08,-0.36,3.01,0.7,1.94,1.27,0.39,0.81,0.29,1.1,1.84,0.3,-0.22,0.63,0.37,1.7,0.12,0.3,1.36,-1.18,1.11,1.3,0.0,0.53,-1.02,1.81,-0.73,-0.41,-0.48,-0.37,-1.64,-0.74,-1.52
108,97057848,11/3/2025,8:46:04,,,-1.11,0.49,-0.19,-1.25,0.43,1.29,0.32,1.73,0.56,0.28,0.32,0.06,-0.23,2.68,0.64,1.6,1.0,0.4,0.64,0.36,1.04,1.84,0.07,-0.02,0.36,0.32,1.69,0.11,0.64,1.23,-1.39,0.88,1.47,-0.25,0.71,-0.82,1.99,-0.75,-0.28,-0.33,-0.42,-1.13,-0.58,-1.7
110,97057822,11/3/2025,8:47:40,,,-1.24,0.51,-0.62,-1.91,-0.31,0.65,0.46,1.3,0.37,-0.12,-0.13,0.0,-0.41,3.33,1.35,2.48,1.18,0.15,0.64,1.06,1.86,2.28,-0.09,-0.09,1.02,0.06,1.28,0.04,0.96,1.51,-1.12,1.03,1.07,-0.1,0.31,-0.8,1.52,-0.43,-0.59,-0.32,-0.35,-1.14,-0.86,-1.4
111,97057814,11/3/2025,8:49:11,,,-1.32,0.51,-0.47,-1.57,-0.23,1.03,0.41,1.43,0.6,0.1,-0.02,-0.05,-0.36,3.22,1.1,2.29,1.32,0.24,1.04,1.02,1.75,2.14,0.11,-0.2,0.89,0.25,1.5,0.1,0.74,1.42,-1.49,1.13,1.05,0.05,0.49,-0.88,1.74,-0.49,-0.44,-0.38,-0.36,-1.19,-0.77,-1.39
112,97057806,11/3/2025,8:51:15,,,-1.28,0.42,-0.33,-1.72,0.04,0.78,0.42,1.43,0.8,0.12,-0.05,-0.02,-0.32,3.31,0.96,2.22,1.2,0.21,0.36,0.99,1.61,1.8,-0.09,0.08,0.82,0.03,1.5,0.28,0.53,1.3,-1.19,0.93, ,-0.18,0.59,-1.17,1.82,-0.92,-0.37,-0.6,-0.28,-1.31,-0.72,-1.8
113,97057798,11/3/2025,8:52:03,,,-1.24,0.39,-0.4,-1.43,-0.22,0.63,0.42,1.89,0.67,0.38,0.46,-0.02,-0.29,2.99,0.75,1.94,1.35,0.28,0.15,0.97,1.51,1.77,0.23,0.23,0.54,0.24,1.57,0.38,0.59,1.23,-1.56,1.22,0.88,-0.74,0.89,-1.23,2.2,-0.99,-0.13,-0.65,-0.11,-1.33,-0.3,-1.87
114,97057772,11/3/2025,8:56:55,,,-1.38,0.4,0.03,-1.36,0.48,1.13,0.28,1.52,0.77,0.33,-0.07,-0.02,-0.39,2.78,0.77,1.77,1.08,0.34,0.71,0.79,1.25,1.74,-0.04,0.1,0.35,0.18,1.36,0.24,1.02,1.55,-1.55,1.03,0.97,-0.3,0.68,-0.91,1.95,-0.49,-0.31,-0.4,-0.16,-1.19,-0.61,-1.36
116,97057939,11/3/2025,8:58:32,,,-1.33,0.41,0.01,-1.46,0.5,1.42,0.36,1.45,1.16,0.38,-0.28,-0.06,-0.45,2.59,0.72,1.63,1.28,0.49,0.33,0.4,1.08,1.89,0.2,-0.11,0.65,0.15,1.39,0.15,0.52,1.52,-1.21,1.07, ,-0.15,0.68,-0.89,1.97,-0.53,-0.3,-0.38,-0.27,-1.19,-0.63,-1.46
117,97057921,11/3/2025,8:59:20,,,-1.24,0.35,-0.27,-1.81,0.36,1.1,0.38,1.54,1.3,0.18,-0.43,0.08,-0.41,2.75,0.83,1.88,1.26,0.39,0.06,0.4,1.19,1.9,0.45,0.11,0.88,0.14,1.48,0.22,0.69,1.52,-0.95,1.33,1.16,-0.5,1.0,-0.8,2.19,-0.53,-0.05,-0.3,-0.12,-1.09,-0.32,-1.51
119,97057905,11/3/2025,9:13:27,,,-1.14,0.34,-0.12,-1.68,0.65,0.9,0.34,1.66,1.29,0.3,-0.33,0.21,-0.31,2.6,0.78,1.67,1.0,0.34,0.31,0.39,1.19,1.92,0.42,0.12,0.82,0.08,1.33,0.22,0.59,1.49,-1.17,1.43, ,-0.49,0.99,-1.06,2.15,-0.9,-0.05,-0.49,-0.23,-1.14,-0.38,-1.94
120,97057897,11/3/2025,9:14:15,,,-1.25,0.41,-0.21,-1.99,0.45,1.04,0.35,1.37,0.6,-0.2,-0.65,0.2,-0.08,3.54,1.01,2.0,1.42,0.26,0.56,0.85,1.82,2.55,0.29,-0.09,1.06,0.03,1.23,0.09,0.58,1.7,-0.83,1.26, ,-0.03,0.58,-0.93,1.76,-0.82,-0.37,-0.39,-0.34,-1.25,-0.59,-1.95
121,97057889,11/3/2025,9:15:04,,,-1.08,0.37,-0.23,-1.77,0.36,1.19,0.43,1.47,0.68,0.12,-0.45,0.12,-0.18,3.2,0.87,1.98,1.5,0.43,0.42,0.82,1.69,2.26,0.42,0.08,0.84,0.03,1.3,0.05,0.44,1.56,-1.11,1.17, ,-0.24,0.52,-0.88,1.78,-0.65,-0.42,-0.35,-0.41,-1.02,-0.62,-1.73
122,97057871,11/3/2025,9:15:52,,,-1.17,0.52,-0.44,-1.88,0.24,1.06,0.34,1.34,0.52,-0.17,-0.26,0.17,-0.34,3.33,0.98,2.01,1.29,0.25,0.88,0.6,1.56,2.33,0.17,-0.12,1.01,0.17,1.41,0.29,0.37,1.52,-1.28,0.8,1.07,-0.32,0.59,-0.83,1.76,-0.57,-0.36,-0.31,-0.43,-0.86,-0.76,-1.65
124,97057491,11/3/2025,9:20:44,,,-1.27,0.47,-0.46,-1.6,0.05,0.73,0.35,1.43,0.6,0.0,0.03,-0.11,-0.3,3.39,0.86,1.99,1.11,0.24,0.64,0.83,1.65,2.02,0.02,0.04,0.9,0.25,1.43,0.23,0.56,1.3,-1.47,1.12,1.04,-0.19,0.63,-0.87,1.87,-0.5,-0.32,-0.34,-0.33,-0.9,-0.8,-1.48
125,97057855,11/3/2025,9:21:54,,,-1.5,0.43,-0.38,-1.72,0.2,1.07,0.33,1.22,0.35,-0.14,-0.34,-0.08,-0.26,3.06,1.11,1.95,1.25,0.28,1.13,0.61,1.6,2.45,0.07,-0.24,1.11,0.24,1.39,-0.27,0.79,1.71,-1.25,0.91,1.92,0.25,0.31,-0.88,1.81,-0.4,-0.57,-0.35,-0.5,-1.18,-0.71,-1.41
128,97053508,11/3/2025,9:28:36,,,-1.3,0.42,-0.36,-1.4,0.21,1.04,0.35,1.8,0.69,0.22,0.25,0.01,-0.09,2.9,0.82,1.86,1.38,0.43,0.31,0.58,1.36,1.93,0.19,-0.16,0.63,0.17,1.47,0.14,0.67,1.53,-1.39,1.02, ,-0.97,0.63,-1.44,2.2,-1.14,-0.32,-0.77,-0.32,-1.54,-0.34,-1.8
130,97053482,11/3/2025,9:30:06,,,-1.24,0.42,-0.04,-1.54,0.48,1.15,0.39,1.34,0.74,0.08,-0.11,0.03,-0.35,2.82,0.94,1.82,1.36,0.37,1.56,0.41,1.36,2.11,0.15,-0.18,0.79,0.3,1.5,0.2,0.77,1.38,-1.45,1.11,1.41,0.09,0.47,-0.91,1.67,-0.41,-0.45,-0.36,-0.44,-1.16,-0.76,-1.4
131,97057541,11/3/2025,9:30:51,,,-1.33,0.23,-0.14,-1.58,0.47,1.1,0.28,1.74,0.5,-0.17,-0.5,-0.04,-0.27,3.22,0.94,1.75,1.09,0.32,0.99,0.75,1.55,2.25,0.2,-0.21,0.71,0.39,1.5,0.07,0.53,1.53,-1.24,1.07,1.12,-0.26,0.59,-0.98,2.1,-0.73,-0.36,-0.41,-0.52,-1.34,-0.56,-1.83
133,97057525,11/3/2025,9:33:52,,,-1.25,0.24,-0.37,-1.98,0.15,0.93,0.29,1.59,0.71,-0.19,-0.66,0.0,-0.11,3.46,1.2,2.12,1.33,0.32,0.75,0.73,1.68,2.4,0.08,0.07,1.32,0.32,1.33,0.23,0.72,1.54,-1.39,0.99,1.01,-0.37,0.88,-1.2,2.22,-0.96,-0.13,-0.57,-0.33,-1.24,-0.33,-1.86
134,97057517,11/3/2025,9:35:25,,,-1.27,0.22,-0.22,-1.3,0.11,0.9,0.21,1.47,0.42,-0.02,-0.09,0.01,-0.08,2.97,0.54,1.76,1.4,0.41,0.36,0.67,1.36,2.02,0.29,0.25,0.31,0.41,1.33,-0.28,0.24,1.3,-1.19,1.44,1.27,0.8,0.27,-1.01,1.59,-0.74,-0.61,-0.43,-0.44,-1.3,-0.63,-1.76
136,97053490,11/3/2025,9:41:28,,,-1.41,0.15,-0.47,-1.56,0.25,1.13,0.32,1.6,0.46,-0.11,-0.38,-0.09,-0.22,3.44,1.01,2.22,1.97,0.45,0.76,0.89,1.58,1.93,-0.01,-0.05,0.96,0.55,1.34,-0.04,0.76,1.31,-1.55,1.2,1.19,-0.32,0.61,-1.21,2.23,-0.82,-0.34,-0.58,-0.66,-1.23,-0.44,-1.71
137,97053474,11/3/2025,9:42:14,,,-1.34,0.17,-0.49,-1.74,0.27,0.69,0.32,1.43,0.54,-0.06,-0.54,-0.03,-0.3,3.41,1.3,2.06,1.26,0.34,0.99,0.39,1.49,2.26,0.18,-0.19,0.93,0.62,1.38,-0.07,0.45,1.46,-1.27,1.09,0.87,0.04,0.61,-0.88,2.05,-0.51,-0.35,-0.33,-0.45,-1.14,-0.59,-1.47
138,97053466,11/3/2025,9:43:47,,,-1.43,0.16,-0.13,-1.39,0.37,1.11,0.24,1.41,0.54,0.03,-0.47,-0.12,-0.22,2.92,1.11,1.76,1.41,0.46,0.81,0.49,1.2,2.09,0.02,0.04,0.24,0.4,1.25,-0.2,0.65,1.44,-1.24,0.9,1.18,0.11,0.4,-0.89,1.91,-0.45,-0.51,-0.34,-0.43,-1.02,-0.6,-1.37
140,97053458,11/3/2025,9:45:16,,,-1.38,0.22,-0.38,-1.64,0.14,0.99,0.32,1.4,0.49,-0.08,-0.48,-0.08,-0.25,3.2,1.08,2.03,1.29,0.38,0.65,0.61,1.3,2.0,-0.06,-0.02,0.75,0.49,1.45,-0.01,0.54,1.39,-1.52,0.71, ,0.01,0.6,-1.13,2.0,-0.75,-0.35,-0.51,-0.44,-1.18,-0.67,-1.56
141,97053441,11/3/2025,9:46:01,,,-1.17,0.52,-0.61,-2.05,-0.15,0.15,0.39,1.54,0.21,-0.46,-0.45,0.08,-0.48,3.7,1.37,2.54,1.61,0.28,1.02,0.72,1.75,2.29,0.06,-0.13,2.01,0.24,1.44,0.1,0.72,1.38,-1.55,1.06, ,-0.07,0.59,-0.98,1.8,-0.61,-0.35,-0.4,-0.42,-1.05,-0.65,-1.55
143,97053599,11/3/2025,10:05:51,,,-1.3,0.38,-0.55,-2.18,-0.03,0.83,0.51,1.41,0.53,-0.23,-0.55,0.12,-0.26,3.82,1.35,2.34,1.21,0.43,0.72,0.87,1.72,2.49,0.37,0.0,1.76,0.14,1.2,-0.06,0.56,1.56,-1.19,1.14, ,-0.01,0.72,-0.9,2.02,-0.65,-0.26,-0.34,-0.41,-1.24,-0.54,-1.75
144,97053581,11/3/2025,10:06:39,,,-1.38,0.31,-0.46,-1.77,-0.15,0.54,0.46,2.05,0.46,-0.11,-0.16,0.0,-0.34,3.38,1.02,2.35,1.43,0.43,0.38,0.57,1.5,2.17,0.32,-0.06,1.01,0.47,1.41,0.03,0.52,1.6,-0.95,1.02, ,-0.45,0.65,-0.9,2.17,-0.57,-0.31,-0.35,-0.28,-1.49,-0.29,-1.84
145,97053573,11/3/2025,10:07:46,,,-1.35,0.22,-0.78,-2.07,0.05,1.0,0.43,1.58,0.51,-0.28,-0.67,-0.03,-0.33,3.12,1.39,2.43,1.59,0.24,0.27,0.55,1.56,2.32,0.2,-0.04,1.42,0.31,1.32,0.0,0.85,1.59,-1.18,1.19,0.89,-0.51,0.82,-0.89,2.18,-0.55,-0.18,-0.34,-0.3,-1.14,-0.43,-1.77
146,97069140,11/3/2025,10:08:34,,,-1.22,0.46,-0.31,-1.35,0.28,1.29,0.35,1.82,0.86,0.33,0.22,-0.05,-0.2,2.7,0.57,1.72,0.99,0.21,0.6,0.24,1.03,1.88,0.25,0.08,0.43,0.22,1.43,-0.06,0.57,1.62,-1.1,1.21,0.91,-0.58,0.51,-1.12,1.83,-0.78,-0.42,-0.51,-0.45,-1.39,-0.59,-1.83
149,97053557,11/3/2025,10:11:00,,,-1.46,0.55,-0.06,-1.32,0.56,1.05,0.33,1.93,0.66,0.33,0.42,0.04,-0.46,2.92,0.77,1.93,1.19,0.35,0.7,0.17,1.03,1.86,0.0,-0.23,0.46,0.39,1.6,0.27,0.47,1.43,-1.34,0.93, ,-0.15,0.64,-1.01,2.11,-0.57,-0.3,-0.43,-0.17,-1.08,-0.31,-1.51
150,97053540,11/3/2025,10:11:49,,,-1.44,0.35,0.15,-1.63,0.52,1.18,0.28,1.66,0.25,-0.13,-0.35,0.07,-0.41,2.81,1.0,1.92,1.25,0.35,0.86,0.48,1.44,2.16,0.09,-0.2,0.85,0.26,1.34,0.01,0.85,1.54,-1.24,0.88,1.07,0.04,0.58,-0.98,2.06,-0.54,-0.36,-0.4,-0.24,-1.12,-0.49,-1.57
151,97053532,11/3/2025,10:12:36,,,-1.18,0.54,-0.64,-1.72,0.14,0.52,0.36,1.64,0.3,-0.22,-0.17,0.13,-0.35,3.22,1.1,2.05,1.31,0.39,0.57,0.48,1.31,2.19,0.1,-0.08,1.04,0.37,1.58,0.19,0.47,1.37,-1.25,0.79,2.7,-0.41,0.58,-0.88,1.85,-0.81,-0.35,-0.32,-0.11,-1.12,-0.51,-1.91
152,97053524,11/3/2025,10:17:38,,,-1.19,0.59,-0.44,-1.6,0.41,1.04,0.36,1.8,0.49,-0.03,-0.05,0.14,-0.49,2.94,1.0,1.97,1.39,0.41,0.5,0.52,1.44,2.09,0.09,0.01,1.01,0.26,1.59,0.35,0.51,1.46,-1.25,1.0, ,-0.48,0.61,-1.0,1.94,-0.7,-0.33,-0.42,-0.01,-1.0,-0.29,-1.81
153,97053425,11/3/2025,10:23:03,,,-1.36,0.65,-0.51,-1.45,0.29,0.65,0.41,1.48,0.44,-0.05,0.11,0.13,-0.57,3.07,0.92,2.18,1.44,0.3,0.88,0.55,1.35,2.0,0.24,-0.18,0.93,0.3,1.67,0.19,0.48,1.63,-0.58,0.89,1.08,0.08,0.39,-0.65,1.75,-0.36,-0.51,-0.15,-0.23,-1.05,-0.44,-1.54
154,97053417,11/3/2025,10:29:29,,,-1.32,0.48,-0.19,-1.5,0.51,1.41,0.32,1.8,0.44,0.16,0.26,0.17,-0.38,3.1,0.83,2.04,1.61,0.49,0.65,0.42,1.19,1.84,0.39,-0.09,0.69,0.28,1.51,0.06,0.15,1.37,-1.32,0.81, ,-0.07,0.43,-0.98,1.84,-0.8,-0.48,-0.4,-0.07,-0.72,-0.54,-1.73
155,97053409,11/3/2025,10:30:16,,,-1.35,0.49,-0.58,-1.48,0.43,0.68,0.42,1.55,0.47,0.07,0.07,0.07,-0.36,3.16,1.03,2.23,1.27,0.35,0.7,0.55,1.4,2.04,0.27,-0.02,1.24,0.33,1.75,0.37,0.52,1.57,-1.23,1.17, ,0.23,0.57,-0.74,1.86,-0.4,-0.37,-0.22,-0.2,-0.98,-0.69,-1.42
156,97053391,11/3/2025,10:31:06,,,-1.73,0.43,-0.35,-1.6,0.61,1.17,0.43,1.72,0.84,0.23,0.2,0.14,-0.34,3.02,1.12,2.09,1.32,0.46,0.57,0.38,1.14,1.89,0.29,-0.04,1.0,0.26,1.6,0.09,0.26,1.33,-1.51,0.98, ,-0.17,0.43,-1.01,2.19,-0.75,-0.49,-0.43,-0.31,-1.12,-0.26,-1.7
158,97047476,11/3/2025,10:59:14,,,-1.29,0.52,-0.16,-1.54,0.6,0.86,0.4,1.79,0.41,-0.04,0.19,-0.07,-0.24,3.02,0.9,2.12,1.51,0.45,0.53,0.93,1.52,2.07,0.24,-0.15,0.77,0.29,1.8,0.3,0.32,1.49,-1.17,0.92,1.3,-0.21,0.54,-0.95,1.74,-0.59,-0.39,-0.38,-0.54,-1.1,-0.82,-1.7
159,97053375,11/3/2025,11:00:13,,,-1.09,0.46,-0.67,-2.05,0.32,0.6,0.46,1.65,0.56,-0.14,-0.18,0.07,-0.38,3.26,1.32,2.27,1.4,0.3,0.53,0.63,1.51,2.22,0.19,0.03,1.36,0.14,1.49,0.36,0.61,1.66,-1.04,1.35,1.13,-0.31,0.72,-1.05,1.71,-0.66,-0.25,-0.46,-0.34,-1.3,-0.78,-1.77
160,97053367,11/3/2025,11:02:36,,,-1.11,0.42,0.14,-1.14,1.06,0.88,0.36,1.9,0.8,0.37,0.63,0.06,-0.02,2.81,0.46,1.6,1.18,0.52,0.32,0.37,1.1,1.75,0.19,-0.02,0.11,0.3,1.73,0.28,0.58,1.62,-1.29,0.94,1.04,-0.68,0.87,-1.4,2.06,-1.2,-0.14,-0.72,-0.28,-1.45,-0.5,-2.03
161,97057558,11/3/2025,11:03:24,,,-1.19,0.5,-0.57,-1.56,0.29,0.37,0.4,1.43,0.38,0.06,0.22,0.01,-0.12,3.33,0.8,1.78,1.2,0.34,0.79,0.61,1.55,2.23,0.39,0.13,0.67,0.26,1.62,0.27,0.39,1.44,-1.11,1.04, ,-0.15,0.4,-0.72,1.49,-0.33,-0.51,-0.21,-0.49,-1.15,-0.87,-1.3
166,97057723,11/3/2025,11:12:56,,,-1.41,0.27,-0.25,-1.74,0.38,0.89,0.4,1.51,0.23,-0.15,-0.14,-0.01,-0.26,3.09,1.19,2.14,1.49,0.37,0.79,0.62,1.53,2.29,0.02,-0.2,0.98,0.2,1.37,-0.09,0.61,1.45,-1.37,0.9,1.1,-0.11,0.43,-0.96,1.92,-0.57,-0.48,-0.4,-0.43,-1.16,-0.48,-1.55
167,97057715,11/3/2025,11:13:45,,,-1.27,0.15,-0.39,-1.74,0.53,1.39,0.39,1.57,0.38,-0.12,-0.36,-0.1,-0.41,3.24,0.98,1.64,1.08,0.36,0.7,0.78,1.78,2.33,0.21,-0.14,0.9,0.22,1.32,0.02,0.57,1.49,-0.92,0.96, ,-0.31,0.5,-0.9,1.89,-0.56,-0.42,-0.35,-0.46,-1.18,-0.72,-1.65
171,97057673,11/3/2025,11:17:00,,,-1.27,0.24,-0.36,-1.57,0.23,1.36,0.25,1.28,0.56,0.01,-0.45,0.08,-0.55,2.76,0.83,1.63,1.33,0.32,1.25,0.54,1.28,1.99,0.1,-0.18,0.78,0.29,1.28,-0.11,0.78,1.59,-1.06,1.1, ,0.23,0.23,-0.79,1.61,-0.4,-0.62,-0.28,-0.53,-1.2,-0.91,-1.4
172,97075832,11/3/2025,11:21:09,,,-1.36,0.35,0.43,-1.17,0.95,1.27,0.36,1.74,0.86,0.28,-0.13,0.04,-0.43,2.66,0.52,1.56,1.09,0.48,0.47,0.25,1.11,1.69,0.45,-0.03,0.38,0.43,1.59,0.28,0.45,1.36,-1.2,1.15,1.05,-0.4,0.6,-0.85,2.01,-0.54,-0.33,-0.32,-0.41,-1.23,-0.64,-1.51
173,97053516,11/3/2025,11:21:54,,,-1.38,0.36,-0.46,-1.6,0.22,0.92,0.33,1.48,0.57,-0.02,-0.53,-0.03,-0.56,2.96,0.93,2.08,1.42,0.4,0.85,0.4,1.38,2.15,0.06,-0.23,0.78,0.43,1.38,-0.14,0.67,1.55,-1.14,0.94,0.9,0.3,0.23,-0.77,1.68,-0.21,-0.61,-0.27,-0.6,-1.14,-0.74,-1.16
176,97057780,11/3/2025,11:28:09,,,-1.28,0.22,-0.11,-1.65,0.47,1.1,0.42,1.46,0.59,0.0,-0.46,0.09,-0.49,2.77,0.96,1.92,1.07,0.37,0.66,0.68,1.34,2.1,0.47,0.16,0.76,0.34,1.38,-0.17,0.38,1.45,-0.96,1.19, ,-0.06,0.27,-0.87,1.67,-0.54,-0.58,-0.33,-0.58,-1.02,-0.85,-1.63
177,97052708,11/3/2025,11:28:54,,,-1.46,0.28,-0.36,-1.85,0.23,0.99,0.39,1.45,0.33,-0.14,-0.59,0.07,-0.45,3.2,1.21,2.2,1.39,0.47,0.61,0.75,1.47,2.33,0.24,-0.28,1.12,0.42,1.42,-0.09,0.77,1.71,-1.09,1.11,1.2,-0.24,0.57,-0.76,2.06,-0.4,-0.35,-0.24,-0.52,-1.12,-0.48,-1.56
178,97052690,11/3/2025,11:29:39,,,-1.39,0.24,-0.28,-1.53,0.6,0.81,0.43,1.9,0.7,0.09,-0.25,0.06,-0.5,2.72,0.78,1.75,1.48,0.47,0.33,0.46,1.21,1.84,0.32,-0.21,0.65,0.55,1.42,-0.06,0.41,1.5,-0.97,1.0,1.4,-0.27,0.64,-0.87,2.08,-0.55,-0.28,-0.33,-0.38,-1.15,-0.26,-1.72
179,97052682,11/3/2025,11:30:24,,,-1.62,0.42,-0.41,-1.98,0.26,1.32,0.5,1.94,0.96,-0.14,-0.27,0.06,-0.43,3.28,1.16,2.46,1.38,0.33,0.46,0.62,1.56,2.36,0.25,-0.23,1.37,0.32,1.47,-0.43,0.6,1.66,-1.12,0.98, ,-0.18,0.29,-0.94,1.84,-0.55,-0.56,-0.38,-0.49,-1.27,-0.43,-1.6
180,97052674,11/3/2025,11:31:08,,,-1.19,0.41,-0.34,-1.76,0.31,0.76,0.44,1.68,0.44,-0.13,-0.21,0.14,-0.3,3.14,0.98,2.11,1.6,0.37,0.4,0.75,1.52,2.18,0.44,-0.01,0.93,0.3,1.52,-0.01,0.2,1.49,-0.65,1.05, ,-0.5,0.65,-0.74,1.94,-0.44,-0.28,-0.22,-0.4,-1.02,-0.41,-1.62
181,97052666,11/3/2025,11:31:53,,,-1.19,0.4,0.15,-1.3,0.92,1.36,0.42,1.61,0.76,0.29,0.32,0.27,-0.4,2.52,0.58,1.52,1.0,0.55,0.51,0.48,1.22,1.89,0.33,-0.15,0.37,0.37,1.54,-0.12,0.54,1.64,-1.23,1.36, ,-0.04,0.63,-0.95,1.84,-0.74,-0.29,-0.39,-0.23,-1.3,-0.51,-1.78
185,97069165,11/3/2025,11:34:53,,,-1.3,0.32,0.0,-1.54,0.62,1.33,0.4,1.69,0.41,0.08,0.16,-0.02,-0.31,2.96,0.95,1.83,1.08,0.48,0.48,0.65,1.48,2.19,0.26,-0.01,0.75,0.33,1.57,0.11,0.77,1.72,-1.15,1.02, ,-0.4,0.5,-0.75,1.86,-0.45,-0.39,-0.24,-0.32,-1.26,-0.68,-1.59
190,97052971,11/3/2025,11:48:38,,,-1.31,0.3,-0.21,-1.52,0.4,1.1,0.35,1.6,0.7,0.11,-0.35,0.06,-0.28,2.85,0.75,1.71,1.36,0.42,0.47,0.57,1.32,2.02,0.22,-0.27,0.6,0.43,1.34,0.11,0.48,1.56,-1.23,1.29,1.17,-0.09,0.52,-0.83,1.94,-0.45,-0.37,-0.29,-0.18,-0.97,-0.41,-1.4
191,97052963,11/3/2025,11:49:23,,,-1.14,0.36,-0.14,-1.54,0.5,1.28,0.33,1.97,0.74,0.13,-0.31,0.12,-0.1,2.77,0.89,1.6,1.02,0.47,0.31,0.73,1.35,1.93,0.39,0.03,0.8,0.37,1.48,0.31,0.22,1.57,-1.13,1.37, ,-0.53,0.9,-0.96,2.3,-0.87,-0.07,-0.39,0.02,-0.8,-0.22,-1.62
192,97052955,11/3/2025,11:50:11,,,-1.27,0.22,-0.25,-1.51,0.43,1.22,0.28,1.62,0.76,0.14,-0.35,0.11,-0.14,2.99,0.73,1.82,1.25,0.34,0.35,0.6,1.4,2.05,0.22,-0.13,0.65,0.59,1.48,0.16,0.85,1.49,-1.1,1.14, ,-0.18,0.66,-0.95,2.17,-0.81,-0.27,-0.38,-0.45,-1.07,-0.5,-1.64
193,97052948,11/3/2025,11:51:03,,,-1.34,0.28,0.07,-1.58,0.82,1.01,0.25,1.58,0.51,0.01,-0.36,0.01,-0.06,2.69,0.76,1.6,1.21,0.38,0.85,0.54,1.39,2.11,0.15,-0.12,0.66,0.41,1.44,0.0,0.83,1.57,-1.19,1.03,1.13,-0.36,0.52,-1.05,2.1,-0.75,-0.37,-0.46,-0.57,-1.02,-0.45,-1.58
194,97052930,11/3/2025,11:51:48,,,-1.15,0.51,-0.68,-1.68,0.1,0.57,0.3,1.3,0.11,-0.18,-0.05,0.03,-0.31,3.26,0.98,1.94,1.12,0.39,0.8,0.81,1.77,2.46,0.21,-0.02,0.88,0.26,1.47,0.01,0.69,1.49,-1.11,1.08, ,-0.13,0.2,-0.73,1.48,-0.37,-0.63,-0.21,-0.68,-1.0,-0.98,-1.37
195,97052922,11/3/2025,11:52:32,,,-1.33,0.66,-0.49,-1.7,-0.17,0.59,0.41,1.93,0.54,0.09,0.24,-0.02,-0.35,3.47,0.89,2.36,1.6,0.36,0.41,0.62,1.37,2.04,-0.11,-0.36,1.78,0.51,1.44,0.21,0.41,1.36,-1.22,0.75,1.22,0.03,0.47,-0.92,1.77,-0.52,-0.42,-0.35,-0.43,-0.88,-0.69,-1.5
198,97047435,11/3/2025,11:54:46,,,-1.2,0.36,-0.31,-1.54,0.4,1.05,0.27,1.72,0.58,0.21,0.07,0.09,-0.5,3.54,0.99,1.98,1.14,0.52,0.56,0.33,1.38,2.1,0.01,-0.14,0.69,0.29,1.32,0.03,0.34,1.1,-1.56,1.0, ,-0.22,0.6,-0.89,1.96,-0.63,-0.31,-0.32,-0.29,-0.66,-0.41,-1.46
205,97052567,11/3/2025,12:06:14,,,-1.29,0.3,0.1,-1.47,0.66,1.03,0.21,2.1,0.7,0.2,-0.15,0.05,-0.22,2.98,0.69,1.77,1.16,0.56,0.31,0.53,1.28,1.88,0.46,0.12,0.63,0.36,1.23,0.11,0.38,1.46,-1.11,1.09,1.02,-0.6,1.06,-0.94,2.52,-0.68,0.05,-0.35,-0.27,-1.1,-0.1,-1.64
212,97056840,11/3/2025,12:20:17,,,-1.59,0.5,-0.5,-1.66,0.28,0.84,0.36,1.76,0.58,-0.06,-0.31,0.05,-0.4,3.14,0.92,1.92,1.14,0.34,0.66,0.82,1.37,2.16,0.11,-0.33,0.78,0.52,1.32,0.21,0.62,1.54,-1.25,0.94,0.58,-0.39,0.53,-0.86,2.16,-0.56,-0.36,-0.3,-0.61,-1.19,-0.42,-1.67
213,97056832,11/3/2025,12:21:02,,,-1.19,0.61,-0.72,-1.92,-0.09,0.88,0.3,1.63,0.49,-0.04,-0.22,-0.01,-0.24,2.93,0.95,2.12,1.58,0.2,0.41,0.71,1.38,1.93,-0.09,-0.21,1.9,0.42,1.4,0.29,0.67,1.35,-1.55,0.93,1.25,-0.32,0.71,-0.99,1.93,-0.69,-0.22,-0.4,-0.38,-0.79,-0.74,-1.62
214,97056824,11/3/2025,12:21:47,,,-1.15,0.42,-0.7,-1.81,-0.22,0.44,0.34,1.77,0.59,-0.01,0.3,0.11,-0.25,3.51,1.01,2.33,1.53,0.42,0.41,0.6,1.42,2.1,0.3,0.03,1.07,0.33,1.47,0.33,0.48,1.41,-1.5,1.25,1.03,-0.48,0.67,-1.08,1.86,-0.85,-0.25,-0.46,-0.33,-1.24,-0.61,-1.78
217,97052542,11/3/2025,12:27:30,,,-1.2,0.3,-0.38,-1.96,0.1,1.01,0.35,1.44,0.59,-0.28,-0.33,0.03,-0.25,3.01,1.14,2.2,1.65,0.34,0.52,0.97,1.59,2.15,0.18,0.19,1.21,0.28,1.2,0.05,0.71,1.52,-1.21,0.96,1.23,0.46,0.54,-0.76,1.81,-0.3,-0.35,-0.21,-0.46,-1.03,-0.65,-1.28
218,97056956,11/3/2025,12:28:15,,,-1.35,0.24,-0.46,-1.91,-0.01,0.6,0.43,1.86,0.28,-0.27,-0.13,0.02,-0.33,3.16,1.19,2.08,1.37,0.21,0.32,0.77,1.62,1.93,0.07,-0.12,1.2,0.26,1.36,0.23,0.74,1.4,-1.52,1.02,1.11,-0.27,0.63,-1.11,2.09,-0.8,-0.28,-0.49,-0.38,-1.25,-0.35,-1.72
221,97056964,11/3/2025,12:42:07,,,-1.08,0.43,-0.14,-1.49,0.11,0.92,0.38,2.01,0.51,0.22,0.46,0.06,-0.26,2.78,0.75,1.82,1.27,0.28,-0.07,0.7,1.32,1.8,0.17,0.3,0.61,0.36,1.43,0.35,0.32,1.32,-1.39,1.16,1.12,-0.8,0.69,-1.1,1.95,-0.86,-0.24,-0.47,-0.39,-1.21,-0.55,-1.94
223,97056949,11/3/2025,12:43:51,,,-1.24,0.43,-0.64,-1.79,0.01,0.91,0.34,1.9,0.39,0.0,0.22,0.02,-0.29,3.3,0.99,2.06,1.48,0.28,-0.02,0.59,1.4,1.9,-0.05,0.0,0.94,0.26,1.52,0.32,0.57,1.34,-1.32,1.08, ,-0.57,0.7,-1.1,1.88,-0.84,-0.23,-0.49,-0.35,-1.16,-0.61,-1.59
224,97056915,11/3/2025,12:44:35,,,-1.24,0.5,-0.41,-1.51,0.18,0.85,0.33,2.0,0.71,0.3,0.33,0.14,-0.3,2.69,0.85,1.84,1.2,0.35,0.07,0.63,1.39,1.81,0.34,0.07,0.73,0.42,1.57,0.4,0.52,1.45,-1.29,1.09,1.13,-0.31,0.98,-1.06,2.23,-0.88,-0.02,-0.45,-0.2,-1.28,-0.4,-1.98
227,97052534,11/3/2025,12:53:54,,,-1.17,0.58,-0.63,-1.44,0.06,0.78,0.32,1.76,0.38,0.17,0.29,0.05,-0.12,3.11,0.79,1.96,1.48,0.56,0.35,0.48,1.27,2.01,0.3,-0.02,0.62,0.24,1.56,0.17,0.52,1.66,-1.41,1.01, ,-0.43,0.29,-1.14,1.54,-0.94,-0.56,-0.51,-0.5,-1.17,-0.83,-1.83
228,97056097,11/3/2025,12:54:39,,,-1.15,0.55,-0.12,-1.28,0.13,1.29,0.24,1.79,0.64,0.5,0.61,0.06,-0.17,3.13,0.61,2.43,1.15,0.5,0.39,0.52,1.33,1.99,0.46,0.09,0.33,0.32,1.39,-0.06,0.22,1.5,-1.52,1.03, ,-0.1,0.07,-0.97,1.42,-0.62,-0.74,-0.37,-0.54,-1.07,-0.85,-1.52
229,97056089,11/3/2025,12:58:36,,,-1.19,0.53,-0.42,-1.34,0.08,1.26,0.25,1.95,0.75,0.49,0.58,0.08,-0.11,2.98,0.67,1.8,1.38,0.55,0.41,0.39,1.2,1.98,0.37,0.28,0.32,0.04,1.48,0.36,0.41,1.61,-1.44,1.02,1.12,-0.24,0.5,-1.07,1.73,-0.83,-0.4,-0.44,-0.41,-1.05,-0.58,-1.82
231,97056063,11/3/2025,13:00:06,,,-1.13,0.58,-0.68,-1.76,-0.21,0.68,0.33,1.51,0.48,0.06,-0.03,0.09,-0.17,3.31,1.09,2.14,1.64,0.26,0.48,0.88,1.69,2.38,0.21,-0.07,0.84,0.16,1.31,0.25,0.54,1.66,-1.06,1.06,0.73,-0.55,0.24,-0.79,1.39,-0.55,-0.6,-0.23,-0.5,-1.05,-0.88,-1.68
232,97056055,11/3/2025,13:00:51,,,-1.11,0.49,-0.19,-1.38,0.37,1.22,0.23,1.65,0.7,0.35,0.3,0.06,-0.12,3.2,0.86,1.78,1.04,0.42,0.49,0.49,1.46,2.18,0.38,0.11,0.53,0.33,1.55,0.29,0.33,1.53,-1.21,1.23, ,0.21,0.51,-1.03,1.73,-0.65,-0.39,-0.41,-0.39,-1.16,-0.84,-1.53
233,97056048,11/3/2025,13:01:36,,,-1.11,0.48,-0.53,-1.82,0.05,0.95,0.29,1.98,0.43,-0.01,-0.19,0.07,-0.16,3.18,1.18,2.88,2.06,0.3,0.36,0.7,1.66,2.28,0.25,0.13,1.05,0.27,1.38,0.25,0.55,1.34,-1.25,0.94,0.79,-0.77,0.73,-1.0,1.92,-0.69,-0.22,-0.4,-0.38,-1.15,-0.49,-1.73
234,97056030,11/3/2025,13:02:21,,,-1.22,0.43,-0.52,-1.68,0.19,1.02,0.21,1.76,0.76,0.29,-0.16,0.04,-0.2,3.0,0.97,1.78,1.81,0.39,0.26,0.45,1.35,2.04,0.4,-0.01,0.95,0.27,1.46,0.26,0.72,1.36,-1.43,1.04, ,-0.46,0.64,-1.29,2.06,-0.81,-0.29,-0.62,-0.26,-1.44,-0.43,-1.46
237,97052526,11/3/2025,13:04:35,,,-1.18,0.58,-0.49,-1.61,0.16,0.99,0.24,1.92,0.96,0.46,0.29,0.02,-0.08,2.57,0.79,1.66,1.95,0.44,0.16,0.62,1.27,1.98,0.17,0.15,0.65,0.28,1.4,0.23,0.71,1.44,-1.33,1.39, ,-0.4,0.56,-1.11,1.91,-0.82,-0.35,-0.47,-0.36,-1.16,-0.59,-1.71
239,97055990,11/3/2025,13:06:05,,,-1.23,0.53,-0.79,-1.62,-0.29,0.95,0.45,1.99,0.6,0.26,0.37,0.0,-0.18,2.92,0.99,2.1,1.49,0.43,0.08,0.61,1.3,2.04,0.11,-0.07,0.92,0.26,1.37,0.31,0.7,1.31,-1.25,1.32,1.41,-0.62,0.55,-1.14,1.95,-0.81,-0.36,-0.5,-0.4,-1.42,-0.45,-1.8
240,97055982,11/3/2025,13:17:00,,,-1.22,0.23,-0.59,-1.73,0.15,0.8,0.3,2.35,0.66,0.21,0.07,0.07,-0.14,2.99,0.91,1.88,1.03,0.33,0.16,0.43,1.42,2.09,0.39,0.33,0.78,0.18,1.26,0.13,0.72,1.53,-1.08,1.18,1.32,-0.83,0.79,-0.98,2.33,-0.76,-0.18,-0.38,-0.38,-1.2,-0.19,-1.83
245,97055891,11/3/2025,13:20:44,,, ,0.44,-0.38,-1.71,0.18,1.28, ,1.55,0.71,0.09,-0.37,-0.02,-0.32,3.37,1.06,2.12,1.16,0.21,0.25,0.43,1.43,2.26,0.0,-0.24,0.96,0.29,1.45,0.23,0.63,1.28,-1.39,1.13, ,-0.32,0.68,-1.11,2.24,-0.64,-0.27,-0.48,-0.39,-1.34,-0.32,-1.55
248,97055776,11/3/2025,13:22:59,,,-1.33,0.43,-0.38,-1.78,0.17,1.21,0.32,1.73,1.11,0.13,-0.44,0.11,-0.15,2.94,0.79,1.88,1.35,0.33,0.19,0.8,1.45,2.12,0.38,0.19,0.88,0.21,1.26,0.12,0.56,1.45,-1.19,1.13, ,-0.11,0.78,-1.1,2.07,-0.82,-0.18,-0.47,-0.31,-1.2,-0.51,-1.76
253,97055719,11/3/2025,13:32:18,,,-1.21,0.44,-0.24,-1.58,0.59,1.27,0.39,1.82,0.91,0.29,0.18,0.09,-0.22,3.08,0.92,1.87,1.29,0.45,0.38,0.46,1.49,2.21,0.46,0.05,0.86,0.2,1.65,0.25,0.59,1.49,-1.58,1.24, ,-0.35,0.51,-1.17,1.82,-0.78,-0.38,-0.53,-0.37,-1.19,-0.59,-1.79
257,97055743,11/3/2025,13:35:16,,,-1.2,0.49,-0.35,-1.79,0.17,0.98,0.35,1.4,0.52,-0.18,-0.56,0.2,-0.05,3.53,1.11,2.62,1.68,0.35,0.47,0.99,1.91,2.7,0.48,0.17,1.03,0.29,1.38,-0.29,0.58,1.74,-1.03,0.98,1.27,-0.57,0.84,-0.96,2.37,-0.67,-0.13,-0.36,-0.56,-1.13,-0.56,-1.76
262,97055826,11/3/2025,13:39:01,,,-1.46,0.48,-0.31,-1.75,0.33,1.12,0.29,1.8,0.47,-0.01,-0.08,0.03,-0.26,3.26,1.11,2.12,1.4,0.54,0.22,0.5,1.49,2.25,0.33,0.01,0.95,0.34,1.41,0.25,0.46,1.4,-1.7,1.1,1.11,-0.65,0.69,-1.23,2.29,-0.87,-0.23,-0.56,-0.41,-1.23,-0.1,-1.89
266,97056436,11/3/2025,13:47:37,,,-1.25,0.6,-0.12,-1.53,0.37,1.3,0.35,1.76,0.46,0.05,0.23,0.08,-0.23,2.97,0.93,1.99,1.51,0.39,0.21,0.82,1.51,2.11,0.16,-0.02,0.76,0.35,1.79,0.49,0.7,1.39,-1.27,1.16, ,0.07,0.49,-0.95,1.86,-0.76,-0.38,-0.35,-0.35,-1.28,-0.53,-1.91
267,97056428,11/3/2025,13:48:22,,,-1.52,0.44,-0.5,-1.66,0.12,0.92,0.31,1.86,0.48,-0.04,0.08,0.06,-0.29,3.3,1.02,2.08,1.36,0.41,0.35,0.65,1.54,2.19,0.09,-0.18,0.82,0.31,1.59,0.14,0.83,1.47,-1.16,1.23,1.22,-0.43,0.63,-0.76,2.13,-0.54,-0.27,-0.2,-0.08,-1.15,-0.25,-1.59
268,97056402,11/3/2025,13:49:06,,,-1.34,0.51,-0.27,-1.74,0.3,1.11,0.25,1.8,0.6,-0.02,-0.06,0.07,-0.17,3.02,0.99,1.95,1.48,0.47,0.28,0.71,1.53,2.19,0.35,0.08,1.02,0.14,1.48,0.12,0.81,1.43,-1.26,1.33, ,-0.28,0.52,-0.97,1.99,-0.83,-0.35,-0.36,-0.42,-1.08,-0.45,-1.76
269,97056394,11/3/2025,13:49:51,,,-1.13,0.54,-0.36,-1.61,0.34,0.77,0.33,1.62,0.44,-0.11,-0.1,0.13,-0.17,2.99,1.01,1.89,1.3,0.53,0.4,0.96,1.75,2.28,0.51,0.15,0.85,0.2,1.6,0.36,0.76,1.45,-1.06,1.3, ,-0.32,0.39,-0.8,1.66,-0.68,-0.46,-0.22,-0.45,-1.15,-0.7,-1.72
270,97056386,11/3/2025,13:50:36,,,-1.33,0.41,-0.24,-1.43,0.5,1.37,0.21,1.65,0.67,0.15,0.14,-0.06,-0.15,2.74,0.72,1.72,1.46,0.63,0.49,0.45,1.31,2.06,0.29,-0.02,0.37,0.27,1.62,-0.01,0.84,1.41,-1.4,1.36,1.11,-0.13,0.31,-0.99,1.81,-0.63,-0.53,-0.38,-0.51,-1.51,-0.65,-1.5
272,97056360,11/3/2025,13:52:06,,,-1.31,0.45,0.12,-1.21,0.77,1.47,0.3,2.12,1.01,0.41,0.36,0.11,-0.29,2.48,0.56,1.44,1.12,0.46,0.11,0.25,1.11,1.88,0.49,-0.01,0.37,0.46,1.59,0.23,0.71,1.37,-1.3,1.27,1.41,-0.74,0.67,-1.11,2.33,-0.93,-0.25,-0.47,-0.41,-1.26,-0.26,-1.76
273,97056352,11/3/2025,13:56:03,,,-1.5,0.44,-0.09,-1.52,0.41,1.47,0.31,1.58,0.46,-0.04,-0.04,-0.05,-0.24,2.56,0.73,1.78,1.35,0.53,0.37,0.55,1.26,1.92,0.29,0.31,0.62,0.28,1.63,0.25,0.78,1.48,-1.03,1.06,1.19,0.01,0.42,-0.84,1.98,-0.45,-0.45,-0.26,-0.57,-1.16,-0.67,-1.49
278,97056303,11/3/2025,16:00:44,,,-1.09,0.52,-0.52,-1.79,0.48,0.99,0.46,1.47,0.33,-0.18,-0.05,0.1,-0.39,3.1,0.86,2.12,1.44,0.37,0.48,0.57,1.46,2.08,0.16,0.28,0.85,0.27,1.71,0.37,0.57,1.54,-1.04,1.04,0.99,-0.16,0.45,-0.76,1.59,-0.49,-0.42,-0.21,-0.45,-1.4,-0.82,-1.92
279,97056311,11/3/2025,16:01:57,,,-1.05,0.37,0.02,-1.58,0.61,1.17,0.38,1.79,0.39,0.05,0.06,0.04,-0.18,2.68,1.07,1.82,1.28,0.39,0.56,0.36,1.22,1.98,-0.07,0.01,0.64,0.33,1.51,0.14,0.59,1.55,-0.75,0.66,1.19,-0.32,0.38,-1.07,1.71,-0.75,-0.47,-0.44,-0.45,-1.17,-0.7,-1.87
280,97056287,11/3/2025,16:02:51,,,-1.28,0.42,-0.68,-1.82,0.03,0.87,0.38,1.7,0.42,-0.04,-0.1,0.03,-0.4,3.16,1.43,2.16,1.54,0.33,0.51,0.4,1.38,2.22,0.25,0.24,1.14,0.07,1.49,0.17,0.84,1.59,-1.19,1.12,1.23,-0.44,0.42,-0.92,1.92,-0.57,-0.44,-0.33,-0.46,-1.1,-0.52,-1.79
281,97056295,11/3/2025,16:04:00,,,-1.25,0.45,-0.02,-1.32,0.69,1.53,0.35,1.36,0.6,0.15,0.22,-0.02,-0.46,2.26,0.92,2.26,1.51,0.38,0.89,0.45,1.32,1.91,0.07,-0.05,0.37,0.4,1.71,0.22,0.72,1.62,-1.54,0.81,1.4,0.17,0.16,-0.92,1.45,-0.28,-0.65,-0.33,-0.47,-1.37,-0.88,-1.43
282,97056261,11/3/2025,16:06:14,,,-1.24,0.53,-0.4,-1.5,0.26,0.94,0.3,2.1,0.62,0.09,0.31,-0.02,-0.21,2.68,0.92,1.86,1.25,0.24,0.03,0.11,1.11,1.88,0.28,0.08,0.59,0.23,1.63,0.58,0.62,1.62,-1.49,0.88,1.26,-0.27,0.83,-1.23,2.1,-0.92,-0.12,-0.57,-0.22,-1.26,-0.32,-2.09
284,97052492,11/3/2025,16:23:28,,,-1.27,0.49,-0.86,-2.05,-0.28,0.84,0.38,1.47,0.41,-0.3,-0.28,0.0,-0.31,2.97,1.41,2.26,1.61,0.17,0.54,0.55,1.52,2.23,0.15,0.26,1.35,0.17,1.51,0.25,0.83,1.56,-1.2,0.88, ,-0.22,0.49,-0.87,1.77,-0.54,-0.38,-0.29,-0.27,-1.04,-0.47,-1.67
288,97056782,11/3/2025,16:27:31,,,-1.21,0.53,-0.55,-1.71,0.46,0.8,0.35,1.44,0.23,-0.33,-0.01,0.15,-0.4,2.78,1.18,2.01,1.57,0.34,0.61,0.47,1.58,2.24,0.24,-0.15,1.08,0.19,1.68,0.16,0.57,1.79,-1.14,1.02,1.09,-0.1,0.28,-0.75,1.47,-0.46,-0.55,-0.2,-0.55,-1.22,-0.82,-1.74
290,97056766,11/3/2025,16:29:24,,,-1.1,0.45,-0.6,-1.87,0.01,0.74,0.41,1.55,0.46,0.01,-0.03,0.1,-0.31,3.41,1.21,2.32,1.64,0.4,0.7,0.54,1.56,2.22,0.03,0.01,1.07,0.04,1.48,0.29,0.62,1.6,-1.22,0.71,1.16,-0.21,0.44,-0.72,1.67,-0.49,-0.42,-0.18,-0.45,-1.07,-0.76,-1.75
291,97056758,11/3/2025,16:30:12,,,-1.16,0.39,-0.57,-1.55,0.09,0.52,0.33,1.44,0.47,0.17,0.1,0.03,-0.53,2.87,0.9,1.85,1.59,0.42,0.65,0.56,1.4,2.14,0.22,0.09,0.65,0.12,1.48,0.23,0.64,1.56,-1.25,0.96, ,-0.16,0.48,-0.96,1.79,-0.65,-0.39,-0.36,-0.26,-1.31,-0.59,-1.78
292,97056741,11/3/2025,16:30:59,,,-1.1,0.49,-0.52,-1.7,0.18,0.91,0.34,1.25,0.26,-0.08,0.09,0.06,-0.38,3.04,0.93,2.02,1.46,0.43,0.89,0.68,1.37,1.86,0.06,0.06,0.71,0.11,1.34,0.22,0.59,1.21,-1.27,1.08, ,0.48,0.21,-0.75,1.32,-0.4,-0.6,-0.2,-0.25,-1.26,-1.01,-1.22
293,97056733,11/3/2025,16:31:58,,,-1.08,0.66,-0.5,-1.65,-0.17,0.54,0.17,1.33,0.51,0.11,0.28,0.23,-0.42,2.96,0.91,2.05,1.64,0.27,1.06,0.6,1.35,2.03,0.28,0.3,0.74,0.17,1.36,0.21,0.45,1.55,-1.29,0.88,1.06,-0.02,0.13,-0.83,1.23,-0.5,-0.67,-0.26,-0.49,-1.16,-1.07,-1.59
294,97056725,11/3/2025,16:32:45,,,-1.4,0.16,0.19,-1.05,0.57,1.18,0.23,2.25,1.03,0.56,0.44,0.04,-0.36,2.43,0.3,1.56,1.15,0.43,0.1,0.32,0.85,1.28,0.21,0.22,-0.14,0.4,1.31,0.25,0.3,1.22,-1.07,1.05,1.05,-0.62,0.78,-1.03,2.36,-0.85,-0.16,-0.41,-0.31,-1.4,-0.31,-1.96
295,97056410,11/3/2025,16:37:00,,,-1.34,0.36,-0.19,-1.41,0.13,0.87,0.31,1.63,0.65,0.17,0.12,-0.01,-0.35,2.76,0.68,1.92,1.56,0.56,0.12,0.53,1.32,1.89,0.46,0.36,0.48,0.26,1.17,0.08,0.37,1.48,-1.38,1.11,1.08,-0.07,0.73,-1.02,1.97,-0.74,-0.2,-0.41,0.1,-1.24,-0.55,-1.92
298,97056527,11/3/2025,16:43:39,,,-1.09,0.61,-0.27,-1.42,0.26,0.92,0.37,1.64,0.75,0.25,0.3,0.01,-0.33,2.85,0.64,2.0,1.74,0.58,0.43,0.34,1.21,1.76,0.01,-0.12,0.54,0.34,1.77,0.4,0.43,1.42,-1.24,0.79, ,0.12,0.5,-0.93,1.66,-0.65,-0.38,-0.34,-0.38,-1.17,-0.77,-1.54
300,97056501,11/3/2025,16:45:10,,,-1.16,0.4,-0.53,-1.75,0.11,0.68,0.4,1.62,0.48,0.02,0.04,0.23,-0.23,2.88,0.96,1.95,1.6,0.33,0.67,0.41,1.52,2.24,0.3,-0.1,1.02,0.09,1.35,0.35,0.57,1.52,-1.22,1.23,1.64,-0.32,0.71,-0.86,1.94,-0.78,-0.27,-0.38,-0.07,-1.04,-0.51,-1.67
302,97056485,11/3/2025,16:46:39,,,-1.37,0.38,-0.17,-1.42,0.33,0.99,0.24,1.51,0.45,0.12,0.01,0.04,-0.24,2.7,0.86,1.71,1.63,0.44,0.34,0.52,1.47,2.05,0.04,-0.31,0.68,0.3,1.33,0.12,0.72,1.33,-1.38,0.89,1.33,-0.38,0.41,-0.75,1.86,-0.49,-0.51,-0.28,-0.59,-1.02,-0.68,-1.44
303,97056477,11/3/2025,16:47:24,,,-1.26,0.37,-0.18,-1.32,0.6,1.23,0.36,1.84,0.75,0.34,0.22,0.01,-0.23,2.47,0.53,1.58,1.62,0.43,0.47,0.33,1.31,1.92,0.25,-0.02,0.24,0.29,1.51,0.0,0.38,1.28,-1.44,0.91,1.05,-0.48,0.59,-1.2,1.97,-0.91,-0.37,-0.61,-0.16,-1.21,-0.29,-1.84
305,97056451,11/3/2025,16:48:54,,,-1.45,0.31,-0.45,-1.63,0.07,1.27,0.3,1.42,0.52,0.04,-0.06,0.02,-0.29,2.97,0.77,1.86,1.66,0.37,0.52,0.71,1.59,2.2,0.37,-0.02,0.66,0.27,1.23,0.0,0.32,1.32,-1.36,1.09,0.93,-0.43,0.62,-0.97,2.06,-0.59,-0.35,-0.43,-0.09,-1.26,-0.4,-1.73
306,97056444,11/3/2025,16:49:38,,,-1.3,0.45,-0.15,-1.53,0.54,1.19,0.32,2.03,0.57,0.04,0.13,0.03,-0.16,2.89,0.96,1.8,1.62,0.45,0.1,0.63,1.67,2.31,0.23,-0.01,0.73,0.41,1.61,0.13,0.64,1.61,-1.5,1.11,2.58,-0.7,0.6,-1.04,2.07,-0.85,-0.36,-0.5,-0.32,-1.18,-0.24,-1.79
307,97055552,11/3/2025,16:53:33,,,-1.35,0.49,-0.26,-1.8,0.06,1.34,0.27,1.52,0.61,0.22,0.11,0.06,-0.37,2.86,0.89,1.7,1.41,0.37,0.44,0.39,1.29,2.18,-0.11,0.01,0.82,0.36,1.52,0.25,0.8,1.58,-1.15,1.03,0.91,0.15,0.69,-0.74,2.03,-0.48,-0.28,-0.26,-0.35,-1.16,-0.59,-1.39
309,97055693,11/3/2025,16:56:51,,,-1.28,0.44,-0.13,-1.8,0.32,1.31,0.35,1.66,0.93,0.2,-0.33,0.1,-0.12,3.01,0.93,1.95,1.5,0.5,0.59,0.58,1.25,2.14,0.24,0.06,1.12,0.15,1.43,0.32,0.7,1.5,-1.4,1.21,1.37,0.06,0.73,-0.89,1.94,-0.64,-0.24,-0.38,-0.39,-1.34,-0.55,-1.33
310,97055602,11/3/2025,16:58:16,,,-1.27,0.42,-0.15,-1.68,0.59,1.45,0.4,1.96,0.31,-0.13,0.01,0.04,-0.14,2.77,0.98,1.83,1.79,0.38,0.3,0.63,1.46,2.18,0.26,0.06,1.04,0.41,1.65,0.46,0.97,1.66,-1.14,0.98, ,-0.42,0.75,-1.17,1.97,-0.95,-0.23,-0.6,-0.32,-1.67,-0.44,-1.8
311,97055685,11/3/2025,16:59:01,,,-1.23,0.53,0.13,-1.96,0.72,1.64,0.49,1.28,0.47,-0.05,-0.37,0.17,-0.48,2.73,1.24,1.65,1.28,0.23,1.23,0.56,1.5,2.37,0.07,0.06,1.28,0.28,1.48,0.17,1.14,1.68,-1.19,1.02, ,0.16,0.31,-0.7,1.54,-0.56,-0.57,-0.24,-0.62,-1.15,-0.89,-1.73
312,97055594,11/3/2025,16:59:45,,,-1.43,0.39,-0.26,-1.8,0.25,1.52,0.39,1.77,0.53,-0.08,-0.15,0.03,-0.18,3.0,1.14,2.15,1.85,0.35,0.43,0.62,1.63,2.43,0.48,0.17,1.51,0.19,1.49,0.13,0.7,1.73,-1.42,1.33,1.01,-0.3,0.79,-1.1,2.28,-0.9,-0.19,-0.54,-0.3,-1.63,-0.08,-1.58
314,97047658,11/3/2025,17:02:52,,,-1.54,0.38,-0.18,-1.58,0.58,1.28,0.32,1.74,0.61,0.18,-0.04,0.07,-0.11,2.96,0.9,2.14,1.61,0.58,0.14,0.54,1.14,1.97,0.15,0.12,0.92,0.33,1.58,0.19,0.68,1.67,-1.36,0.99,1.05,-0.4,0.76,-1.03,2.27,-0.94,-0.21,-0.49,-0.35,-1.4,-0.28,-2.02
318,97055610,11/3/2025,17:06:38,,,-1.38,0.54,-0.12,-1.61,0.03,0.8,0.4,1.65,0.73,0.16,0.12,0.03,-0.19,3.28,1.0,2.01,1.49,0.57,0.59,0.65,1.33,2.15,0.05,-0.07,1.07,0.35,1.4,0.18,0.58,1.69,-1.32,0.89, ,-0.19,0.55,-0.79,1.97,-0.65,-0.39,-0.3,-0.39,-1.17,-0.37,-1.75
320,97052799,11/3/2025,17:09:44,,,-1.43,0.47,-0.09,-1.83,0.18,1.3,0.42,1.52,0.61,0.03,-0.44,-0.07,-0.1,3.14,1.06,2.19,1.57,0.54,0.35,0.62,1.36,1.94,-0.13,-0.07,1.25,0.68,1.63,0.23,0.45,1.31,-1.53,0.79, ,0.22,0.57,-1.03,2.05,-0.85,-0.36,-0.47,-0.53,-1.23,-0.47,-1.77
321,97055677,11/3/2025,17:10:29,,,-1.61,0.47,-0.14,-1.6,0.57,1.32,0.32,1.64,0.78,0.12,-0.34,0.14,-0.25,2.76,0.73,1.66,1.34,0.52,0.55,0.36,1.31,2.02,0.09,-0.16,0.86,0.5,1.04,0.05,0.48,1.3,-1.58,1.19,2.18,-0.37,0.68,-1.07,2.31,-0.95,-0.28,-0.5,-0.49,-1.33,-0.37,-1.55
322,97052781,11/3/2025,17:11:34,,,-1.48,0.52,-0.35,-1.87,-0.26,0.82,0.46,1.13,0.53,0.01,0.08,-0.01,-0.38,3.25,1.14,2.29,1.75,0.44,0.79,0.73,1.65,2.31,0.0,-0.12,1.41,0.26,1.46,-0.17,0.51,1.31,-1.39,0.88, ,0.61,0.38,-0.9,1.76,-0.5,-0.51,-0.37,-0.59,-1.41,-0.72,-1.33
325,97055644,11/3/2025,17:15:26,,,-1.24,0.23,-0.31,-1.59,0.23,1.13,0.27,2.4,0.84,0.54,0.43,0.03,-0.06,2.72,0.87,1.75,1.6,0.39,-0.02,0.46,1.18,1.93,0.08,0.51,0.78,-0.12,1.35,0.33,0.86,1.35,-1.6,1.21, ,-1.69,1.52,-1.52,2.91,-1.38,0.38,-0.83,0.28,-1.3,0.66,-2.19
326,97055628,11/3/2025,17:16:59,,,-1.29,0.51,-0.37,-1.86,0.01,1.12,0.34,1.18,0.51,-0.09,-0.22,0.0,-0.18,3.06,1.08,2.05,1.57,0.5,1.03,0.63,1.68,2.54,0.04,0.13,1.01,0.21,1.27,-0.07,0.68,1.51,-1.31,1.08,1.07,0.11,0.46,-0.77,1.66,-0.4,-0.44,-0.25,-0.36,-1.26,-0.7,-1.49
330,97052757,11/3/2025,17:22:34,,,-1.33,0.28,-0.13,-1.69,0.58,0.94,0.35,1.56,0.78,0.1,-0.42,0.09,-0.16,2.85,0.91,1.82,1.36,0.41,0.59,0.7,1.35,2.03,0.03,-0.1,1.1,0.36,1.11,0.05,0.52,1.5,-1.28,1.17, ,-0.01,0.43,-1.11,1.96,-0.96,-0.45,-0.51,-0.46,-1.55,-0.48,-1.75
333,97060198,11/3/2025,17:24:48,,,-1.28,0.21,0.09,-1.45,0.51,1.14,0.27,2.32,0.84,0.56,0.31,0.03,-0.01,2.87,1.04,1.8,1.07,0.4,0.16,0.82,1.57,1.95,-0.05,0.06,0.57,0.3,1.61,0.11,0.51,1.58,-1.27,0.88, ,-0.29,0.58,-1.26,2.13,-1.12,-0.33,-0.62,-0.3,-1.57,-0.39,-2.21
334,97060149,11/3/2025,17:25:34,,,-1.31,0.54,-0.43,-1.87,0.13,1.16,0.29,1.74,0.83,0.17,-0.24,0.12,-0.28,2.83,1.18,2.03,1.27,0.25,0.62,0.7,1.39,2.16,-0.48,-0.36,1.09,0.21,1.44,0.1,0.66,1.53,-1.0,0.73,2.28,-0.14,0.53,-0.91,1.83,-0.67,-0.37,-0.35,-0.47,-1.24,-0.63,-1.77
335,97060131,11/3/2025,17:26:20,,,-1.36,0.49,-0.64,-1.87,-0.2,1.11,0.36,1.67,0.99,0.41,-0.18,0.09,-0.2,3.27,1.2,2.36,1.46,0.37,0.34,0.74,1.6,2.21,-0.03,0.03,1.37,0.3,1.3,0.15,0.61,1.49,-1.21,1.11, ,-0.2,0.63,-1.0,2.08,-0.78,-0.29,-0.42,-0.28,-1.56,-0.41,-1.68
340,97060040,11/3/2025,17:36:03,,,-1.27,0.68,-0.45,-1.65,-0.08,0.83,0.31,2.05,0.77,0.32,0.14,0.08,-0.18,2.78,1.02,1.84,1.04,0.14,-0.24,0.4,1.31,1.85,0.09,-0.05,1.32,0.29,1.56,0.62,0.69,1.28,-1.5,1.03, ,-0.35,0.85,-1.22,2.16,-1.03,-0.11,-0.58,-0.15,-1.32,-0.31,-1.98
341,97055578,11/3/2025,17:36:48,,,-1.27,0.49,0.27,-1.27,0.43,1.38,0.18,1.6,0.96,0.55,0.3,0.06,-0.14,2.29,0.58,1.41,1.32,0.6,0.12,0.5,1.11,1.78,0.21,0.07,0.45,0.45,1.5,0.12,0.74,1.49,-1.17,1.1, ,-0.21,0.45,-0.94,1.85,-0.77,-0.43,-0.37,-0.27,-1.26,-0.44,-1.86
349,97059968,11/3/2025,17:43:46,,,-1.43,0.2,0.07,-1.45,0.8,1.48,0.41,1.87,0.66,0.24,-0.22,0.03,-0.26,2.53,0.84,1.37,1.04,0.43,0.33,0.44,1.29,1.87,0.13,-0.1,0.73,0.46,1.48,0.24,0.46,1.53,-1.5,0.97,1.02,-0.39,0.64,-0.99,2.31,-0.62,-0.28,-0.38,-0.56,-1.16,-0.37,-1.63
350,97059950,11/3/2025,17:50:00,,,-1.32,0.15,-0.29,-1.93,0.38,1.15,0.4,1.79,0.76,0.08,-0.59,0.03,-0.18,2.78,1.24,1.93,1.33,0.38,0.34,0.63,1.52,2.3,0.18,0.29,1.19,0.34,1.36,0.29,0.7,1.66,-1.39,1.34, ,-0.63,0.92,-0.98,2.52,-0.7,-0.07,-0.36,-0.44,-1.3,-0.25,-1.87
351,97060289,11/3/2025,17:50:45,,,-1.33,0.26,-0.28,-1.68,0.25,1.1,0.44,1.51,0.7,0.08,-0.42,0.1,-0.25,2.76,1.05,1.86,1.31,0.38,0.25,0.36,1.33,1.99,0.17,-0.13,1.03,0.43,1.42,0.09,0.63,1.5,-1.37,1.15,0.97,-0.48,0.64,-1.15,2.0,-0.85,-0.29,-0.49,-0.36,-1.36,-0.69,-1.9
352,97060271,11/3/2025,17:51:30,,,-1.24,0.14,-0.46,-1.91,0.24,1.03,0.45,1.75,0.42,-0.2,-0.76,0.19,-0.14,2.69,1.1,2.05,1.66,0.37,0.13,0.51,1.51,2.14,0.33,0.1,1.36,0.25,1.27,0.34,0.86,1.63,-1.44,1.31, ,-0.41,0.97,-1.12,2.44,-0.75,-0.02,-0.47,-0.38,-1.18,-0.26,-1.76
353,97060263,11/3/2025,17:52:21,,,-1.32,0.38,-0.58,-1.77,-0.2,1.07,0.35,2.23,0.48,0.15,0.29,0.14,-0.24,2.78,1.08,2.07,1.2,0.45,0.14,0.32,1.37,2.14,0.23,-0.03,1.3,0.11,1.27,0.15,0.71,1.59,-1.47,1.14,2.3,-0.84,0.9,-1.13,2.48,-0.98,-0.07,-0.48,-0.26,-1.2,-0.09,-1.96
355,97060255,11/3/2025,17:53:51,,,-1.35,0.42,-0.13,-1.67,0.23,1.11,0.29,2.25,0.7,0.24,0.22,0.2,-0.22,2.73,0.99,1.86,1.45,0.56,0.4,0.32,1.33,2.07,0.08,0.04,0.83,0.06,1.25,0.01,0.56,1.51,-1.46,0.97,2.36,-0.5,0.69,-1.05,2.17,-0.78,-0.24,-0.42,-0.35,-1.36,-0.4,-1.52
357,97060230,11/3/2025,17:55:21,,,-1.18,0.51,-0.66,-1.85,-0.07,0.96,0.34,1.64,0.57,0.08,-0.13,0.21,-0.18,2.87,1.12,2.13,1.63,0.39,0.45,0.82,1.72,2.26,0.26,-0.08,1.26,0.13,1.23,0.37,0.58,1.63,-1.41,1.04,0.66,-0.26,0.6,-1.04,1.92,-0.77,-0.31,-0.41,-0.31,-1.15,-0.54,-1.76
358,97060222,11/3/2025,17:56:06,,,-1.1,0.35,-0.31,-1.67,0.42,1.07,0.41,2.15,0.71,0.22,0.16,0.2,-0.1,2.51,0.91,1.79,1.12,0.44,-0.02,0.51,1.41,1.95,0.29,0.13,1.03,0.2,1.43,0.21,0.94,1.54,-1.34,1.19, ,-0.63,0.71,-1.05,1.97,-0.9,-0.22,-0.42,-0.35,-1.47,-0.52,-1.68
361,97056618,11/3/2025,17:58:37,,,-1.31,0.41,-0.41,-1.62,0.11,0.9,0.24,1.97,0.52,0.19,0.22,-0.03,-0.06,2.76,1.01,1.78,1.04,0.46,0.13,0.95,1.61,2.11,0.21,0.15,0.9,-0.02,1.35,0.34,0.46,1.45,-1.46,1.15, ,-0.57,0.67,-1.14,2.03,-0.93,-0.26,-0.49,-0.34,-0.95,-0.42,-1.78
363,97056592,11/3/2025,18:16:52,,,-1.34,0.31,-0.19,-1.61,0.34,1.02,0.38,2.09,0.38,-0.04,0.03,0.06,-0.08,2.68,0.86,1.81,1.31,0.58,0.02,0.63,1.36,1.96,0.25,0.34,0.79,0.2,1.39,0.21,0.39,1.47,-1.51,1.55,1.19,0.35,0.81,-1.14,2.3,-0.93,-0.14,-0.49,-0.21,-1.05,-0.25,-1.85
364,97056584,11/3/2025,18:17:37,,,-1.45,0.26,-0.08,-1.41,0.53,0.72,0.3,2.27,0.64,0.33,0.14,0.08,-0.09,2.78,0.59,1.79,1.06,0.45,0.14,0.6,1.24,1.77,0.11,0.04,0.65,0.33,1.58,0.1,0.45,1.32,-1.48,1.13, ,-0.36,0.53,-1.22,2.24,-0.99,-0.36,-0.54,-0.4,-1.01,-0.24,-1.88
366,97056568,11/3/2025,18:19:11,,,-1.51,0.32,-0.32,-1.81,0.48,0.82,0.33,1.46,0.36,-0.12,-0.25,0.0,-0.11,3.13,1.05,1.95,1.13,0.42,0.67,0.68,1.68,2.33,0.09,0.02,1.22,0.15,1.36,0.06,0.54,1.58,-1.17,0.86, ,-0.2,0.3,-0.83,1.9,-0.43,-0.54,-0.25,-0.44,-1.2,-0.42,-1.41
369,97056535,11/3/2025,18:22:30,,,-1.24,0.31,0.07,-1.62,0.66,1.19,0.39,1.94,0.7,0.35,0.24,0.14,-0.15,2.81,0.66,1.95,1.37,0.41,0.09,0.74,1.21,1.57,0.14,0.16,0.79,0.18,1.22,0.24,0.32,1.15,-1.38,1.18,2.12,-0.67,0.86,-1.14,2.28,-0.94,-0.11,-0.48,-0.37,-1.25,-0.32,-2.03
370,97058481,11/3/2025,18:25:20,,,-1.29,0.5,0.12,-1.54,0.31,1.31,0.25,1.86,1.03,0.5,0.2,0.24,-0.1,2.75,0.73,1.79,1.41,0.55,0.11,0.54,1.07,1.7,-0.04,-0.12,0.86,0.29,1.37,0.13,0.28,1.29,-1.41,0.98,2.49,0.0,0.56,-1.19,2.1,-1.03,-0.33,-0.52,-0.36,-1.24,-0.35,-2.08
374,97058440,11/3/2025,18:32:20,,,-1.25,0.52,-0.2,-1.45,0.13,1.05,0.28,1.73,0.78,0.43,0.38,0.12,0.15,2.99,0.72,1.79,1.81,0.57,0.34,0.87,1.28,1.85,0.16,0.16,0.69,0.25,1.54,0.11,0.14,1.48,-1.49,0.96, ,0.08,0.47,-1.15,1.85,-0.93,-0.4,-0.49,-0.54,-1.32,-0.61,-1.81
379,97056691,11/3/2025,18:36:44,,,-1.22,0.5,-0.45,-1.85,0.1,1.12,0.29,1.57,0.58,0.12,0.1,0.07,-0.24,3.45,1.2,2.18,1.31,0.48,0.45,0.6,1.77,2.41,0.17,0.14,1.32,0.21,1.3,0.27,0.45,1.52,-1.86,1.09, ,-0.42,0.51,-1.02,1.84,-0.68,-0.37,-0.39,-0.43,-1.14,-0.75,-1.67
380,97056683,11/3/2025,18:37:38,,,-1.27,0.32,-0.16,-1.81,0.05,1.02,0.34,1.65,0.77,0.14,0.03,0.14,-0.06,3.14,1.07,2.02,1.38,0.45,0.26,0.86,1.68,2.12,0.27,0.28,1.17,0.29,1.34,0.15,0.4,1.42,-1.68,1.03,1.07,-0.17,0.51,-1.19,1.89,-0.82,-0.38,-0.52,-0.42,-1.42,-0.65,-1.57
384,97056642,11/3/2025,18:41:46,,,-1.27,0.57,-0.61,-1.92,0.25,0.91,0.4,1.56,0.64,-0.03,-0.19,0.1,-0.21,3.57,1.29,2.52,1.6,0.48,0.49,0.71,1.83,2.34,0.05,-0.15,1.26,0.31,1.43,-0.07,0.77,1.5,-1.73,1.13,0.95,-0.22,0.44,-1.18,1.68,-0.71,-0.44,-0.51,-0.36,-1.24,-0.69,-1.44
386,97056626,11/3/2025,18:47:07,,,-1.47,0.23,-0.12,-1.88,0.74,1.39,0.37,1.88,0.7,0.06,-0.1,0.06,-0.16,3.05,1.0,2.17,1.66,0.31,0.15,0.53,1.5,2.1,0.24,0.08,1.02,0.27,1.27,-0.01,0.68,1.38,-1.66,1.04,2.36,-0.65,0.57,-1.26,2.23,-1.0,-0.32,-0.58,-0.46,-1.22,-0.34,-1.91
387,97059356,11/3/2025,18:48:11,,,-1.51,0.29,0.05,-1.59,0.39,1.47,0.27,1.91,0.84,0.29,0.03,0.03,-0.31,2.89,0.66,1.8,1.53,0.45,0.36,0.6,1.35,1.81,0.2,-0.03,0.62,0.35,1.24,0.11,0.57,1.3,-1.73,1.08,1.01,-0.28,0.47,-1.3,2.16,-0.98,-0.41,-0.61,-0.36,-1.3,-0.19,-1.91
388,97059349,11/3/2025,18:48:56,,,-1.43,0.18,-0.18,-1.71,0.44,0.77,0.35,1.59,0.81,0.07,-0.12,0.07,-0.26,3.18,0.8,1.88,1.27,0.45,0.28,0.47,1.46,2.16,0.35,0.1,0.77,0.25,1.17,0.16,0.48,1.54,-1.65,1.35, ,0.04,0.53,-1.09,2.07,-0.79,-0.35,-0.44,-0.5,-1.18,-0.6,-1.82
389,97059331,11/3/2025,18:49:41,,,-1.33,0.25,-0.53,-2.03,0.06,1.09,0.43,1.58,0.56,-0.02,-0.28,0.06,-0.22,3.49,1.25,2.13,1.48,0.38,0.38,0.71,1.71,2.35,0.27,0.17,1.38,0.2,1.17,0.01,0.38,1.51,-1.68,1.15, ,-0.02,0.51,-1.05,1.99,-0.8,-0.38,-0.41,-0.54,-1.07,-0.53,-1.82
390,97059323,11/3/2025,18:51:00,,,-1.48,0.33,-0.41,-1.69,0.28,1.13,0.35,1.66,0.66,0.22,0.04,0.04,-0.38,3.44,0.94,2.15,1.76,0.46,0.18,0.64,1.35,2.12,0.08,-0.12,0.94,0.38,1.46,0.08,0.45,1.22,-1.78,1.2,2.13,-0.53,0.44,-1.11,2.05,-0.87,-0.43,-0.46,-0.53,-1.22,-0.51,-1.74
392,97059315,11/3/2025,18:53:03,,,-1.39,0.23,-0.38,-1.91,0.39,0.92,0.33,1.49,0.63,0.1,-0.25,0.03,-0.36,3.18,1.13,2.15,1.59,0.44,0.27,0.71,1.5,2.29,0.22,0.08,1.28,0.13,1.26,0.14,0.41,1.37,-1.96,1.09,2.58,0.07,0.54,-1.28,2.08,-0.91,-0.35,-0.59,-0.44,-1.33,-0.56,-1.85
394,97059281,11/3/2025,18:54:46,,,-1.17,0.54,-0.39,-2.01,0.11,0.96,0.44,1.53,0.53,-0.07,-0.18,0.01,-0.29,3.22,1.22,2.15,1.9,0.28,0.61,0.61,1.57,2.22,0.01,0.09,1.37,0.17,1.37,0.1,0.52,1.25,-1.59,1.01, ,-0.84,0.37,-1.21,1.79,-0.78,-0.48,-0.54,-0.42,-1.13,-0.62,-1.75
397,97059240,11/3/2025,19:02:14,,,-1.2,0.49,-0.17,-1.77,0.33,1.42,0.25,1.4,0.72,0.2,-0.19,0.11,-0.18,2.79,0.88,1.56,1.13,0.37,0.6,0.58,1.45,2.11,0.13,0.0,0.95,0.22,1.58,0.19,0.47,1.46,-1.59,1.43,2.19,-0.13,0.32,-0.93,1.67,-0.66,-0.52,-0.34,-0.57,-0.83,-0.94,-1.55
401,97059208,11/3/2025,19:06:09,,,-1.34,0.54,-0.24,-1.8,0.16,1.03,0.25,1.44,0.66,0.14,0.04,0.12,-0.33,3.27,0.96,2.01,1.69,0.49,1.19,0.73,1.63,2.48,-0.13,-0.12,0.76,0.29,1.29,0.03,0.57,1.73,-1.31,0.83,2.38,-0.04,0.14,-0.99,1.5,-0.66,-0.66,-0.38,-0.46,-1.42,-0.79,-1.81
402,97059190,11/3/2025,19:07:06,,,-1.24,0.46,0.26,-1.22,0.73,2.01,0.27,1.64,0.92,0.53,0.3,0.17,-0.18,2.63,0.54,1.52,1.05,0.46,0.69,0.49,1.18,1.8,0.11,0.03,0.31,0.6,1.42,0.24,0.42,1.29,-1.87,1.33,1.06,0.23,0.41,-1.33,1.93,-1.09,-0.44,-0.65,-0.49,-1.27,-0.61,-2.03
403,97059182,11/3/2025,19:07:57,,,-1.31,0.54,-0.2,-1.76,0.33,1.12,0.29,1.62,0.56,0.1,0.12,0.01,-0.24,3.23,1.0,1.99,1.41,0.38,0.54,0.65,1.55,2.31,-0.13,0.06,0.94,0.41,1.29,0.13,0.63,1.47,-1.52,0.76,0.99,-0.34,0.42,-1.14,1.85,-0.84,-0.44,-0.5,-0.42,-1.38,-0.5,-1.95
406,97057384,11/3/2025,19:10:52,,,-1.42,0.48,-0.48,-1.66,0.16,1.21,0.18,1.74,0.75,0.28,-0.17,0.03,-0.19,2.83,0.78,1.73,1.21,0.37,0.57,0.47,1.24,1.94,0.11,0.11,0.76,0.35,1.27,0.19,0.39,1.44,-1.59,1.1, ,-0.63,0.42,-1.11,2.04,-0.74,-0.43,-0.48,-0.49,-1.12,-0.44,-1.74
408,97057368,11/3/2025,19:15:44,,,-1.3,0.34,0.06,-1.3,0.55,1.26,0.29,1.73,0.82,0.34,0.3,0.03,-0.17,2.47,0.57,1.83,1.48,0.56,0.13,0.47,1.04,1.62,0.1,0.04,0.51,0.43,1.4,0.18,0.45,1.25,-1.31,1.27, ,-0.68,0.64,-1.11,2.14,-0.91,-0.25,-0.48,-0.37,-1.17,-0.52,-1.98
417,97057467,11/3/2025,19:23:45,,,-1.28,0.29,-0.45,-1.94,-0.07,1.17,0.29,1.5,0.55,0.04,-0.14,0.15,-0.19,3.04,1.18,2.12,1.59,0.23,0.64,0.77,1.64,2.23,0.14,0.18,1.18,0.21,1.1,0.16,0.69,1.43,-1.29,0.86,1.02,-0.15,0.63,-0.95,2.04,-0.63,-0.27,-0.36,-0.34,-1.01,-0.48,-1.72
419,97057434,11/3/2025,19:54:19,,,-1.13,0.36,-0.22,-1.51,0.08,0.78,0.3,1.51,0.72,0.25,0.09,0.13,-0.18,2.88,0.84,1.71,1.21,0.3,0.36,0.57,1.54,2.11,0.32,0.39,0.86,0.22,1.31,0.2,0.34,1.58,-1.45,1.24,1.29,-0.04,0.6,-1.0,1.91,-0.67,-0.29,-0.4,-0.47,-1.1,-0.63,-1.72
422,97057400,11/3/2025,19:57:11,,,-1.22,0.52,-0.56,-1.61,-0.06,1.17,0.28,1.46,0.67,0.22,0.22,0.04,-0.11,2.96,1.04,1.97,1.38,0.36,0.81,0.54,1.52,2.39,-0.06,-0.02,0.87,0.35,1.34,0.29,0.4,1.75,-1.45,1.12,1.09,-0.28,0.48,-1.03,1.86,-0.76,-0.39,-0.42,-0.34,-1.0,-0.53,-1.67
423,97059943,11/3/2025,19:57:58,,,-1.29,0.5,-0.39,-1.84,0.03,0.77,0.38,1.74,0.81,0.25,0.05,0.04,-0.4,3.14,1.16,1.99,1.27,0.05,0.42,0.38,1.51,2.36,-0.06,-0.05,1.15,0.2,1.36,0.17,0.51,1.36,-1.82,0.88, ,-0.2,0.65,-1.12,2.05,-0.63,-0.25,-0.49,-0.24,-1.31,-0.43,-1.64
424,97059935,11/3/2025,19:58:47,,,-1.24,0.51,0.0,-1.57,0.21,1.04,0.38,1.61,0.84,0.59,0.45,0.11,-0.34,2.67,0.86,1.53,0.99,0.32,0.11,0.5,1.43,2.14,0.01,-0.19,0.85,0.23,1.19,0.29,0.65,1.54,-1.46,0.93,1,-0.64,0.4,-1.12,1.89,-0.84,-0.45,-0.49,-0.31,-1.42,-0.55,-2.02
425,97059927,11/3/2025,19:59:35,,,-1.22,0.39,-0.43,-1.54,0.16,0.92,0.37,1.77,0.99,0.45,0.36,0.07,0.04,2.92,0.84,1.81,0.97,0.23,-0.18,0.34,1.34,1.93,-0.16,-0.2,0.82,0.32,1.34,0.32,0.8,1.54,-1.58,0.82, ,-0.86,0.82,-1.21,2.21,-0.91,-0.11,-0.57,-0.22,-1.42,-0.29,-1.89
426,97059901,11/3/2025,20:00:39,,,-1.45,0.32,-0.57,-1.74,-0.03,0.98,0.19,1.56,0.57,0.05,-0.14,0.06,-0.08,2.84,0.84,1.95,1.26,0.22,0.54,0.54,1.43,2.19,0.21,0.09,0.98,0.35,0.99,0.12,0.71,1.45,-1.78,1.1,2.58,-0.34,0.61,-1.4,2.19,-0.89,-0.28,-0.72,-0.32,-1.68,-0.44,-1.62
429,97059885,11/3/2025,20:11:37,,,-1.22,0.31,-0.3,-1.81,0.17,1.16,0.31,1.77,0.72,0.14,-0.1,0.05,-0.04,2.76,0.94,1.79,1.25,0.26,0.17,0.76,1.63,2.08,0.04,0.32,1.13,0.13,1.19,0.49,0.73,1.65,-1.2,1.03,0.97,-0.83,0.9,-1.1,2.34,-0.92,-0.06,-0.49,-0.39,-1.38,-0.35,-2.11
430,97059877,11/3/2025,20:12:22,,,-1.21,0.51,-0.44,-1.6,0.21,1.25,0.3,2.01,0.6,0.2,0.06,0.02,0.02,2.78,0.96,1.83,1.39,0.53,0.47,0.68,1.44,2.14,0.01,-0.07,0.99,0.34,1.3,0.44,0.75,1.59,-1.46,1.07,0.93,-0.66,0.7,-1.37,2.1,-1.16,-0.22,-0.69,-0.33,-1.45,-0.38,-1.97
431,97059802,11/3/2025,20:13:06,,,-1.39,0.31,-0.39,-1.74,0.04,1.19,0.31,1.64,0.72,0.29,-0.06,0.04,-0.13,3.04,0.96,1.99,1.23,0.31,0.53,0.5,1.38,2.1,0.01,0.1,1.04,0.26,1.11,0.14,0.57,1.45,-1.65,0.95, ,-0.37,0.6,-1.07,2.26,-0.76,-0.3,-0.45,-0.57,-1.13,-0.43,-1.65
432,97059703,11/3/2025,20:13:51,,,-1.41,0.39,-0.5,-1.81,0.09,1.08,0.35,1.62,0.46,-0.04,-0.19,0.04,-0.15,2.84,1.12,1.97,1.5,0.29,0.55,0.69,1.55,2.2,0.02,-0.07,1.16,0.25,1.33,0.15,0.78,1.57,-1.32,1.02,1.09,0.08,0.59,-1.17,2.09,-0.84,-0.3,-0.53,-0.51,-1.31,-0.54,-2.01
434,97059737,11/3/2025,20:15:20,,,-1.3,0.54,-0.58,-1.76,0.13,0.94,0.31,1.62,0.68,0.14,0.07,0.01,-0.32,2.83,1.08,1.93,1.77,0.22,0.8,0.49,1.51,2.28,-0.05,-0.15,1.1,0.27,1.36,0.07,0.68,1.45,-1.57,0.99,1.01,-0.17,0.34,-1.11,1.8,-0.67,-0.5,-0.48,-0.59,-1.33,-0.64,-1.61
435,97059729,11/3/2025,20:16:34,,,-1.38,0.45,0.23,-1.52,0.46,1.45,0.28,1.97,0.99,0.46,0.24,0.0,-0.13,2.67,0.76,1.73,1.13,0.39,-0.04,0.33,1.25,1.82,0.06,0.08,0.72,0.18,1.23,0.14,0.62,1.33,-1.6,0.99, ,-0.82,0.87,-1.37,2.55,-1.16,-0.09,-0.68,-0.45,-1.37,-0.19,-2
436,97059588,11/3/2025,20:17:19,,,-1.32,0.4,-0.17,-1.62,0.34,1.18,0.35,1.53,1.02,0.26,-0.29,-0.02,-0.24,2.86,0.95,1.74,1.19,0.33,0.38,0.5,1.34,2.05,-0.14,-0.12,0.97,0.29,1.34,0.05,0.56,1.32,-1.66,0.98,2.42,-0.11,0.62,-1.15,2.1,-0.74,-0.28,-0.52,-0.46,-1.24,-0.39,-1.54
437,97059570,11/3/2025,20:18:03,,,-1.57,0.48,-0.07,-1.53,0.35,1.2,0.25,1.6,0.94,0.43,-0.05,0.07,-0.19,2.63,0.8,1.75,1.38,0.39,0.26,0.41,1.31,2.05,0.05,-0.02,0.81,0.22,1.32,0.12,0.78,1.6,-1.57,1.1,2.49,-0.34,0.52,-1.11,2.26,-0.9,-0.36,-0.48,-0.47,-1.43,-0.29,-1.93
439,97059554,11/3/2025,20:20:11,,,-1.33,0.3,-0.32,-1.71,0.29,1.02,0.41,1.92,0.76,0.24,0.03,-0.02,-0.3,2.82,0.99,1.94,1.04,0.31,0.71,0.68,1.29,1.98,-0.27,-0.02,0.97,0.22,1.19,0.08,0.97,1.59,-1.43,0.95,2.71,-0.56,0.84,-1.19,2.29,-0.94,-0.12,-0.55,-0.47,-1.4,-0.26,-2
442,97059448,11/3/2025,20:30:48,,,-1.32,0.3,-0.52,-1.97,0.33,0.95,0.42,1.63,0.63,0.03,-0.3,0.07,-0.28,3.18,1.33,2.18,1.37,0.43,0.97,0.7,1.5,2.31,0.07,0.07,1.27,0.12,1.15,-0.04,0.56,1.56,-1.47,1.09, ,-0.34,0.5,-1.14,1.97,-0.85,-0.38,-0.51,-0.48,-1.55,-0.5,-1.69
443,97059430,11/3/2025,20:31:33,,,-1.27,0.47,0.03,-1.53,0.54,1.12,0.42,1.67,0.8,0.29,0.29,0.2,-0.34,3.09,0.99,1.98,1.26,0.48,1.0,0.66,1.47,2.08,-0.11,-0.09,0.95,0.32,1.32,0.16,0.55,1.5,-1.55,0.88,0.97,0.03,0.56,-0.94,2.15,-0.75,-0.33,-0.36,-0.39,-1.12,-0.31,-1.68
444,97059422,11/3/2025,20:32:18,,,-1.41,0.39,-0.48,-1.8,0.18,0.79,0.37,1.77,0.66,0.06,-0.14,-0.04,-0.18,3.14,1.14,2.16,1.15,0.46,0.83,0.48,1.28,2.15,-0.2,-0.09,1.15,0.34,1.17,0.2,0.65,1.49,-1.78,1.07, ,-0.31,0.71,-1.25,2.31,-0.9,-0.22,-0.59,-0.48,-1.22,-0.3,-1.87
445,97059414,11/3/2025,20:33:03,,,-1.28,0.43,-0.47,-1.85,-0.05,0.65,0.39,1.69,0.78,0.13,-0.13,0.13,-0.34,2.92,1.01,2.04,1.22,0.22,0.69,0.52,1.37,2.12,0.17,0.03,1.16,0.35,1.2,0.01,0.63,1.49,-1.53,1.07, ,-0.29,0.9,-0.91,2.35,-0.66,-0.07,-0.32,-0.23,-0.98,-0.19,-1.67
446,97059406,11/3/2025,20:33:48,,,-1.4,0.43,-0.36,-1.58,0.12,0.63,0.4,1.79,0.71,0.25,0.02,-0.01,-0.37,2.65,0.97,1.97,1.23,0.45,0.67,0.35,1.17,1.97,-0.15,-0.01,0.95,0.31,1.33,0.74,0.87,1.52,-1.39,0.87,2.63,-0.18,0.87,-1.12,2.33,-0.82,-0.09,-0.48,-0.34,-1.38,-0.33,-1.78
447,97059406,11/3/2025,20:34:53,,,-1.38,0.45,-0.39,-1.57,0.12,0.62,0.4,1.79,0.72,0.24,0.02,-0.01,-0.32,2.64,0.97,1.97,1.23,0.43,0.66,0.36,1.17,1.97,-0.15,-0.02,0.96,0.3,1.33,0.75,0.9,1.51,-1.42,0.83, ,-0.17,0.86,-1.14,2.32,-0.83,-0.09,-0.5,-0.36,-1.38,-0.33,-1.79
448,97059257,11/3/2025,20:35:37,,,-1.39,0.52,-0.14,-1.61,0.2,1.19,0.38,1.36,0.68,0.21,0.07,0.14,-0.37,2.85,0.92,1.93,1.11,0.37,0.7,0.66,1.44,2.07,0.1,0.08,0.85,0.38,1.28,0.01,0.56,1.34,-1.37,1.18,1.1,0.16,0.48,-0.91,1.81,-0.64,-0.38,-0.32,-0.44,-1.29,-0.87,-1.75
449,97059380,11/3/2025,20:36:22,,,-1.47,0.43,-0.29,-1.68,0.27,1.01,0.34,1.23,0.65,-0.01,-0.29,0.0,-0.34,2.83,1.13,1.97,1.35,0.28,1.11,0.75,1.58,2.3,0.04,-0.04,1.07,0.24,1.25,-0.19,0.63,1.45,-1.26,1.15,2.32,0.53,0.35,-0.87,1.78,-0.47,-0.5,-0.29,-0.41,-1.27,-0.62,-1.52
450,97059372,11/3/2025,20:37:07,,,-1.42,0.45,-0.58,-1.77,-0.25,0.69,0.34,1.74,0.48,-0.1,-0.13,0.03,-0.19,3.05,1.19,2.05,1.1,0.45,0.79,0.76,1.67,2.36,0.06,0.07,1.18,0.23,1.01,0.48,0.5,1.78,-1.39,1.12,2.36,-0.24,0.53,-1.13,2.02,-0.67,-0.36,-0.48,-0.41,-1.35,-0.55,-1.7
451,97059364,11/3/2025,20:43:58,,,-1.32,0.24,-0.44,-1.78,0.15,0.92,0.39,1.47,0.56,-0.01,-0.1,0.07,-0.43,2.88,1.12,1.97,1.44,0.41,0.93,0.81,1.57,2.24,-0.05,0.24,1.12,0.26,1.31,-0.01,0.79,1.58,-1.37,0.95,1.04,-0.23,0.59,-1.06,2.12,-0.73,-0.31,-0.42,-0.43,-1.17,-0.57,-1.89
453,97077010,11/3/2025,20:45:28,,,-1.26,0.63,-0.56,-1.97,-0.08,1.05,0.4,1.13,0.65,0.05,-0.1,0.16,-0.29,3.15,1.33,2.3,1.71,0.36,0.79,0.77,1.64,2.56,-0.07,0.07,1.38,0.17,1.23,-0.01,0.56,1.71,-1.49,0.92, ,-0.1,0.38,-1.12,1.74,-0.78,-0.47,-0.46,-0.42,-1.31,-0.77,-1.84
455,97059505,11/3/2025,20:46:58,,,-1.34,0.64,-0.72,-1.89,-0.09,0.76,0.36,1.41,0.67,0.07,-0.05,0.03,-0.43,3.29,1.25,2.22,1.04,0.3,0.84,0.69,1.69,2.49,0.09,0.15,1.47,0.0,1.34,0.07,0.73,1.67,-1.24,0.85, ,-0.26,0.5,-1.07,1.81,-0.67,-0.38,-0.43,-0.38,-1.49,-0.79,-1.8
456,97059497,11/3/2025,20:47:43,,,-1.21,0.43,-0.27,-1.83,0.25,1.25,0.29,1.71,0.68,0.11,-0.06,0.13,-0.22,2.91,0.97,2.07,1.17,0.49,0.1,0.7,1.41,2.03,0.11,-0.14,1.17,0.24,1.34,0.17,0.55,1.39,-1.77,1.26, ,-0.89,0.88,-1.26,2.34,-1.16,-0.08,-0.58,-0.23,-1.35,-0.23,-2.13
458,97059471,11/3/2025,20:49:12,,,-1.27,0.62,0.04,-1.62,0.24,0.85,0.33,1.54,1.02,0.41,0.29,0.11,-0.32,2.7,1.06,1.93,1.15,0.26,0.81,0.49,1.23,2.01,-0.04,0.03,0.99,0.19,1.28,-0.02,0.67,1.26,-1.64,1.02,0.79,-0.26,0.34,-1.09,1.75,-0.84,-0.5,-0.44,-0.24,-1.32,-0.35,-1.86
459,97059463,11/3/2025,20:49:57,,,-1.31,0.56,-0.49,-2.04,0.1,1.19,0.41,1.44,0.69,0.0,-0.17,0.14,-0.34,3.13,1.3,2.15,1.38,0.22,0.89,0.89,1.69,2.38,-0.06,0.04,1.5,0.21,1.25,0.09,0.9,1.46,-1.27,1.12, ,-0.23,0.43,-0.94,1.79,-0.71,-0.42,-0.32,-0.48,-1.38,-0.68,-1.81
460,97059455,11/3/2025,20:51:28,,,-1.33,0.22,-0.82,-1.92,0.18,0.65,0.32,1.41,0.53,-0.13,-0.65,0.06,-0.24,3.01,1.2,2.12,1.36,0.34,0.77,0.78,1.62,2.36,-0.1,0.04,1.31,0.26,1.3,0.03,0.6,1.5,-1.5,0.73, ,0.11,0.64,-1.06,2.24,-0.68,-0.26,-0.42,-0.44,-1.21,-0.4,-1.79
464,97047609,11/3/2025,20:58:43,,,-1.41,0.32,-0.19,-1.26,0.43,1.11,0.31,1.98,0.82,0.4,0.29,0.1,-0.37,2.36,0.45,1.57,0.94,0.37,0.51,0.29,0.93,1.65,0.07,0.1,0.41,0.48,1.58,0.38,0.5,1.28,-1.5,1.28, ,-0.56,0.87,-1.26,2.44,-0.88,-0.08,-0.57,-0.27,-1.19,-0.28,-1.84
466,97055370,11/3/2025,21:28:32,,,-1.28,0.47,-0.64,-1.38,0.32,0.53,0.37,1.66,0.57,0.15,0.23,0.06,-0.11,3.2,0.78,2.31,1.69,0.43,0.75,0.79,1.2,1.75,-0.12,-0.26,0.87,0.44,1.55,0.19,0.3,1.41,-1.47,0.78, ,0.06,0.66,-1.38,2.2,-1.1,-0.24,-0.66,-0.29,-1.27,-0.36,-2.04
468,97047591,11/3/2025,21:30:22,,,-1.24,0.51,0.23,-1.12,0.64,1.26,0.28,2.09,0.99,0.48,0.31,0.15,-0.29,2.38,0.28,1.35,0.84,0.44,0.13,0.4,1.03,1.52,0.26,0.18,0.35,0.3,1.52,0.13,0.57,1.36,-1.16,1.35, ,-0.62,0.74,-1.04,2.23,-0.72,-0.18,-0.41,-0.24,-1.25,-0.25,-1.92
469,97047567,11/3/2025,21:31:10,,,-1.17,0.47,0.16,-1.35,0.35,1.33,0.32,1.65,0.86,0.29,0.34,0.15,-0.41,2.74,0.6,1.76,0.87,0.4,0.64,0.43,1.23,1.84,0.1,-0.11,0.65,0.19,1.47,-0.04,0.47,1.24,-1.4,1.26,1.1,0.06,0.34,-0.87,1.68,-0.51,-0.49,-0.28,-0.49,-0.85,-0.75,-1.4
472,97055503,11/3/2025,21:33:36,,,-1.32,0.33,-0.14,-1.8,0.34,1.11,0.35,1.44,0.7,0.05,-0.37,0.09,-0.12,3.14,0.94,1.93,1.25,0.32,0.55,0.82,1.7,2.41,0.21,0.17,1.03,0.25,1.33,0.12,0.67,1.44,-1.34,1.23, ,0.06,0.63,-1.09,2.11,-0.77,-0.26,-0.45,-0.51,-1.15,-0.43,-1.72
473,97055495,11/3/2025,21:34:25,,,-1.43,0.31,-0.49,-1.88,0.03,1.16,0.28,1.69,0.5,-0.06,-0.55,0.03,-0.29,3.29,1.04,2.2,1.84,0.39,0.57,0.91,1.71,2.4,0.1,-0.03,1.19,0.19,1.2,-0.05,0.57,1.48,-1.54,1.06, ,-0.01,0.49,-1.07,2.0,-0.62,-0.38,-0.44,-0.49,-1.23,-0.59,-1.7
474,97055487,11/3/2025,21:35:13,,,-1.27,0.3,-0.42,-1.76,0.07,0.96,0.28,1.7,0.88,0.24,-0.32,0.14,-0.26,3.18,0.87,2.0,1.19,0.33,0.77,0.42,1.41,2.17,0.16,0.08,0.85,0.26,1.48,-0.07,0.31,1.48,-1.35,1.26,1.02,-0.06,0.39,-1.02,1.79,-0.57,-0.45,-0.41,-0.32,-1.35,-0.48,-1.56
476,97055461,11/3/2025,21:40:53,,,-1.13,0.63,-0.9,-1.98,-0.48,0.32,0.36,1.12,0.48,-0.07,-0.14,0.17,-0.25,3.76,1.21,2.51,1.55,0.39,0.74,0.68,1.75,2.67,0.06,-0.01,1.39,0.0,1.16,0.08,0.28,1.65,-1.35,1.09,1.08,0.2,0.15,-0.85,1.41,-0.45,-0.63,-0.29,-0.61,-1.08,-0.93,-1.5
479,97060453,11/3/2025,21:43:18,,,-1.3,0.36,-0.12,-1.42,0.31,1.18,0.27,1.56,0.93,0.41,0.04,0.15,-0.27,2.4,0.72,1.56,1.02,0.46,0.61,0.61,1.33,1.96,0.27,0.21,0.53,0.26,1.46,0.04,0.43,1.49,-1.31,1.06, ,-0.07,0.54,-1.03,2.03,-0.84,-0.32,-0.43,-0.32,-1.01,-0.71,-1.79
481,97060446,11/3/2025,21:44:55,,,-1.33,0.44,-0.54,-1.78,0.07,1.25,0.42,1.77,0.96,0.41,0.05,0.04,-0.33,2.87,1.07,1.97,1.1,0.29,0.15,0.8,1.63,2.1,0.21,0.01,1.17,0.33,1.36,0.27,0.57,1.34,-1.51,0.94, ,-0.68,0.66,-1.22,2.06,-0.9,-0.24,-0.58,-0.43,-1.3,-0.47,-2.03
483,97060420,11/3/2025,21:46:32,,,-1.3,0.51,-0.4,-1.86,0.07,0.79,0.35,1.44,0.88,0.31,-0.1,0.01,-0.32,2.83,1.06,2.12,1.45,0.36,0.43,0.71,1.62,2.26,0.19,0.17,1.31,0.25,1.31,-0.01,0.58,1.49,-1.43,1.14,0.85,-0.37,0.32,-0.98,1.7,-0.58,-0.51,-0.39,-0.54,-1.16,-0.6,-1.71
484,97060412,11/3/2025,21:47:21,,,-1.26,0.57,-0.42,-1.68,0.38,1.26,0.28,1.59,0.88,0.34,0.03,0.02,-0.39,2.79,0.93,1.62,0.86,0.27,0.81,0.5,1.39,2.06,0.06,0.07,0.89,0.32,1.36,0.05,0.59,1.33,-1.38,1.07,1.05,0.17,0.3,-0.98,1.67,-0.51,-0.52,-0.39,-0.52,-1.28,-0.81,-1.61
487,97060370,11/3/2025,21:53:51,,,-1.33,0.43,-0.56,-1.79,0.18,1.2,0.38,1.36,0.8,0.12,-0.25,0.25,-0.47,3.09,1.04,2.18,1.16,0.28,0.66,0.51,1.28,1.98,0.03,0.06,1.33,0.26,1.29,-0.03,0.47,1.07,-1.51,0.88,1.1,0.22,0.46,-0.84,1.91,-0.6,-0.41,-0.29,-0.48,-0.89,-0.59,-1.66
488,97060362,11/3/2025,21:54:40,,,-1.39,0.31,-0.62,-1.81,0.12,0.85,0.36,1.53,0.61,0.04,-0.37,0.06,-0.31,3.01,0.93,2.14,1.57,0.31,0.57,0.89,1.47,2.12,0.23,0.15,1.07,0.27,1.43,-0.05,0.27,1.36,-1.51,1.23,1.01,-0.07,0.44,-1.11,2.01,-0.67,-0.42,-0.48,-0.46,-1.33,-0.5,-1.76
