source_csv,station,measurement_column,n,mean,median,std,min,max,iqr,skewness,kurtosis,shapiro_statistic,shapiro_p_value,normaltest_statistic,normaltest_p_value,classification,likely_shape,kde_peak_count,recommendation,alpha,lsl,usl,histogram_kde_plot,qq_plot
data_stn08.csv,data_stn08,L9392MA01_Z,296,0.225472972972973,0.23,0.14219744906748844,-0.17,0.55,0.195,-0.08409618853408478,-0.28248306372183274,0.9934685125109015,0.22748620780626488,1.4753444640655424,0.4782258196356224,Normal,approximately symmetric/unimodal,1,No transform indicated by this screen.,0.05,-2.0,2.0,distribution_profiles/plots/data_stn08/L9392MA01_Z_hist_kde.png,distribution_profiles/plots/data_stn08/L9392MA01_Z_qq.png
data_stn08.csv,data_stn08,L9393MA01_Z,296,0.13513513513513514,0.14,0.12067598576766889,-0.18,0.51,0.15999999999999998,0.11986001182489053,0.13001027349991778,0.9952259849621988,0.4952691689279817,1.0596061566283144,0.588720890174535,Normal,approximately symmetric/unimodal,1,No transform indicated by this screen.,0.05,-1.0,1.0,distribution_profiles/plots/data_stn08/L9393MA01_Z_hist_kde.png,distribution_profiles/plots/data_stn08/L9393MA01_Z_qq.png
data_stn08.csv,data_stn08,H9451DA01_X,296,1.538581081081081,1.55,0.22569068418744445,0.78,2.19,0.24,-0.5285925857718924,1.3195328446620618,0.9659916666450712,1.9401198360149847e-06,22.929445072303857,1.0493835838896916e-05,Non-normal,approximately symmetric/unimodal,1,No transform indicated by this screen.,0.05,-2.0,2.0,distribution_profiles/plots/data_stn08/H9451DA01_X_hist_kde.png,distribution_profiles/plots/data_stn08/H9451DA01_X_qq.png
data_stn08.csv,data_stn08,L9451DA02_X,295,1.844949152542373,1.84,0.21417754601093406,1.16,2.52,0.24,0.05044933209925664,0.4173036985491363,0.9938293737409098,0.27202638769631793,2.0955462259385818,0.35071788926580827,Normal,approximately symmetric/unimodal,1,No transform indicated by this screen.,0.05,-2.0,2.0,distribution_profiles/plots/data_stn08/L9451DA02_X_hist_kde.png,distribution_profiles/plots/data_stn08/L9451DA02_X_qq.png
data_stn08.csv,data_stn08,H9451DA01_Y,296,0.8023986486486486,0.83,0.2696350135656357,-0.32,1.48,0.365,-0.39876832230136033,0.6058875924077629,0.986687721914581,0.00781373571240235,11.071721408057817,0.003942813579594672,Non-normal,approximately symmetric/unimodal,1,No transform indicated by this screen.,0.05,-2.0,2.0,distribution_profiles/plots/data_stn08/H9451DA01_Y_hist_kde.png,distribution_profiles/plots/data_stn08/H9451DA01_Y_qq.png
data_stn08.csv,data_stn08,H9451DA01_Z,296,0.9389864864864865,0.975,0.27193777918665385,-0.1,1.59,0.3599999999999999,-0.7007389061999744,1.1453492749160317,0.9724161488054571,1.8413219831923093e-05,29.372746336307316,4.185903131977483e-07,Non-normal,approximately symmetric/unimodal,1,No transform indicated by this screen.,0.05,-2.0,2.0,distribution_profiles/plots/data_stn08/H9451DA01_Z_hist_kde.png,distribution_profiles/plots/data_stn08/H9451DA01_Z_qq.png
data_stn08.csv,data_stn08,L9451DA02_Z,295,0.6311525423728813,0.63,0.19811533897210323,0.0,1.29,0.235,-0.07977832573156184,0.6607472826943885,0.9932989620275227,0.21182467253734222,4.248914927853582,0.11949778254078579,Normal,approximately symmetric/unimodal,1,No transform indicated by this screen.,0.05,-2.0,2.0,distribution_profiles/plots/data_stn08/L9451DA02_Z_hist_kde.png,distribution_profiles/plots/data_stn08/L9451DA02_Z_qq.png
data_stn18.csv,data_stn18,H9448DA02_X,572,1.086853146853147,1.09,0.17120636999958191,0.42,1.88,0.22999999999999998,-0.011642343237864365,0.9756954537143039,0.9930114504731397,0.009119715655069104,12.0260341353366,0.00244669518849609,Non-normal,approximately symmetric/unimodal,1,No transform indicated by this screen.,0.05,-2.0,2.0,distribution_profiles/plots/data_stn18/H9448DA02_X_hist_kde.png,distribution_profiles/plots/data_stn18/H9448DA02_X_qq.png
data_stn18.csv,data_stn18,L9448DA01_X,308,1.3314285714285716,1.1349999999999998,0.5270196809105026,0.57,3.01,0.3425,1.4629540892353199,1.0017757183670666,0.7818658152652862,5.559743313440586e-20,73.44366748025759,1.1269645143921932e-16,Non-normal,potentially bimodal/multimodal; right-skewed,2,Investigate/stratify possible subpopulations; do not transform mixtures as one population.,0.05,-2.0,2.0,distribution_profiles/plots/data_stn18/L9448DA01_X_hist_kde.png,distribution_profiles/plots/data_stn18/L9448DA01_X_qq.png
data_stn18.csv,data_stn18,H9448DA02_Y,572,-0.2831293706293706,-0.29,0.3344412660944424,-1.69,1.09,0.42,0.13029591936126214,1.61070887986682,0.9851225633658824,1.4075451405104007e-05,24.58404015266759,4.588212348397025e-06,Non-normal,heavy-tailed,1,Prefer robust/non-parametric methods; inspect tails before using 3-sigma or Grubbs' limits.,0.05,-2.0,2.0,distribution_profiles/plots/data_stn18/H9448DA02_Y_hist_kde.png,distribution_profiles/plots/data_stn18/H9448DA02_Y_qq.png
data_stn18.csv,data_stn18,F9392A792_Y,572,0.6101573426573427,0.6,0.22741017294439672,-0.17,1.52,0.3,0.20254596839391223,0.7058051381057484,0.9924402281365894,0.005374984349920581,11.476492124085128,0.003220411727094697,Non-normal,approximately symmetric/unimodal,1,No transform indicated by this screen.,0.05,-2.0,2.0,distribution_profiles/plots/data_stn18/F9392A792_Y_hist_kde.png,distribution_profiles/plots/data_stn18/F9392A792_Y_qq.png
data_stn18.csv,data_stn18,F9393A792_Y,572,-1.0068531468531468,-1.01,0.20463514866864974,-1.52,1.98,0.22000000000000008,5.3830757101616316,78.54527328568814,0.7508827711356175,1.8497875946699151e-28,684.5876435427456,2.206388651814769e-149,Non-normal,right-skewed; heavy-tailed,1,Consider Yeo-Johnson (supports zero/negative values) before normality-assuming methods.,0.05,-2.0,2.0,distribution_profiles/plots/data_stn18/F9393A792_Y_hist_kde.png,distribution_profiles/plots/data_stn18/F9393A792_Y_qq.png
data_stn18.csv,data_stn18,G9392A792_Y,572,2.0153671328671328,2.02,0.25638133438325117,1.03,2.91,0.33999999999999986,-0.19999056251582353,0.8331410649561435,0.9924130737711703,0.005242740878005866,13.441496672963332,0.0012056356551469736,Non-normal,approximately symmetric/unimodal,1,No transform indicated by this screen.,0.05,-2.0,2.0,distribution_profiles/plots/data_stn18/G9392A792_Y_hist_kde.png,distribution_profiles/plots/data_stn18/G9392A792_Y_qq.png
data_stn18.csv,data_stn18,G9393A792_Y,572,-0.7136188811188812,-0.72,0.27422429656536074,-1.44,3.57,0.29000000000000004,6.687806416287665,103.76802706335712,0.6948866519727354,7.131679555090568e-31,777.1422041528508,1.7608182918809173e-169,Non-normal,right-skewed; heavy-tailed,1,Consider Yeo-Johnson (supports zero/negative values) before normality-assuming methods.,0.05,-2.0,2.0,distribution_profiles/plots/data_stn18/G9393A792_Y_hist_kde.png,distribution_profiles/plots/data_stn18/G9393A792_Y_qq.png
data_stn18.csv,data_stn18,F9392A792_Z,572,-0.3233741258741259,-0.33,0.15446641639918543,-0.9,0.38,0.18999999999999997,0.08181627488623631,1.0437961169145478,0.9918381887311185,0.003109301420732145,13.822786520242246,0.0009963686282969673,Non-normal,approximately symmetric/unimodal,1,No transform indicated by this screen.,0.05,-2.0,2.0,distribution_profiles/plots/data_stn18/F9392A792_Z_hist_kde.png,distribution_profiles/plots/data_stn18/F9392A792_Z_qq.png
data_stn18.csv,data_stn18,F9393A792_Z,572,-0.43113636363636365,-0.415,0.1729579955871997,-0.99,1.85,0.16999999999999998,3.6269559023888043,52.579143791577025,0.7944329405240008,2.878373997564388e-26,537.3418293416113,2.078281207378972e-117,Non-normal,right-skewed; heavy-tailed,1,Consider Yeo-Johnson (supports zero/negative values) before normality-assuming methods.,0.05,-2.0,2.0,distribution_profiles/plots/data_stn18/F9393A792_Z_hist_kde.png,distribution_profiles/plots/data_stn18/F9393A792_Z_qq.png
data_stn18.csv,data_stn18,F9392A796_X,572,-0.375944055944056,-0.39,0.1308639633352426,-0.69,0.28,0.16000000000000003,0.6293204451894365,1.1176827405832048,0.9792185757578681,2.9240989606820283e-07,47.29686134638067,5.365584675550505e-11,Non-normal,approximately symmetric/unimodal,1,No transform indicated by this screen.,0.05,-2.0,2.0,distribution_profiles/plots/data_stn18/F9392A796_X_hist_kde.png,distribution_profiles/plots/data_stn18/F9392A796_X_qq.png
data_stn18.csv,data_stn18,F9393A796_X,572,-1.1933566433566432,-1.1949999999999998,0.17590076033501534,-2.17,-0.48,0.20999999999999996,-0.03657906558597588,2.1743058273065037,0.9813206335478843,1.077725044566963e-06,32.45496723118291,8.963825852884496e-08,Non-normal,heavy-tailed,1,Prefer robust/non-parametric methods; inspect tails before using 3-sigma or Grubbs' limits.,0.05,-2.0,2.0,distribution_profiles/plots/data_stn18/F9393A796_X_hist_kde.png,distribution_profiles/plots/data_stn18/F9393A796_X_qq.png
data_stn18.csv,data_stn18,G9392A796_Y,572,-0.5004720279720279,-0.5,0.21874972125055064,-1.23,0.66,0.30000000000000004,0.2201975483063029,1.4154276975445264,0.9858498590660028,2.383948253889218e-05,24.19984753483708,5.559937073850918e-06,Non-normal,approximately symmetric/unimodal,1,No transform indicated by this screen.,0.05,-1.92,1.92,distribution_profiles/plots/data_stn18/G9392A796_Y_hist_kde.png,distribution_profiles/plots/data_stn18/G9392A796_Y_qq.png
data_stn18.csv,data_stn18,G9393A796_Y,571,-1.696567425569177,-1.7,0.21802411002244676,-2.38,-0.3,0.27,0.6055942342826296,3.333850553198239,0.970852394252672,3.1229495373068326e-09,80.22496379844102,3.796386809044288e-18,Non-normal,heavy-tailed,1,Prefer robust/non-parametric methods; inspect tails before using 3-sigma or Grubbs' limits.,0.05,-2.0,2.0,distribution_profiles/plots/data_stn18/G9393A796_Y_hist_kde.png,distribution_profiles/plots/data_stn18/G9393A796_Y_qq.png
data_biwpc.csv,data_biwpc,FB33A033_D,866,-11.428060046189378,-11.4,0.3267134306306503,-14.05,-10.64,0.41999999999999993,-0.990884189580516,4.641107503917195,0.9601670061856334,1.3315060903391218e-14,199.50498812747657,4.764773624485299e-44,Non-normal,left-skewed; heavy-tailed,1,Consider Yeo-Johnson (supports zero/negative values) before normality-assuming methods.,0.05,-11.9,-9.9,distribution_profiles/plots/data_biwpc/FB33A033_D_hist_kde.png,distribution_profiles/plots/data_biwpc/FB33A033_D_qq.png
data_biwpc.csv,data_biwpc,FB33A037R_D,866,-10.727794457274827,-10.7,0.30524071314859413,-12.13,-9.97,0.4175000000000004,-0.4250031373586959,0.4110540923350836,0.98897073809578,4.244464291307546e-06,29.11163117453422,4.769684039897781e-07,Non-normal,approximately symmetric/unimodal,1,No transform indicated by this screen.,0.05,-11.9,-9.9,distribution_profiles/plots/data_biwpc/FB33A037R_D_hist_kde.png,distribution_profiles/plots/data_biwpc/FB33A037R_D_qq.png
data_biwpc.csv,data_biwpc,FB33A001_D,866,-10.518718244803697,-10.5,0.2404386099329954,-12.05,-9.81,0.2900000000000009,-0.6902402982812009,1.985483153268932,0.9748627856573233,4.572065963155356e-11,100.48112865348703,1.5163524077222652e-22,Non-normal,heavy-tailed,1,Prefer robust/non-parametric methods; inspect tails before using 3-sigma or Grubbs' limits.,0.05,-11.9,-9.9,distribution_profiles/plots/data_biwpc/FB33A001_D_hist_kde.png,distribution_profiles/plots/data_biwpc/FB33A001_D_qq.png
data_biwpc.csv,data_biwpc,GB32A033_D,866,14.339272517321016,14.38,0.6391759883987846,-0.3,15.4,0.5300000000000011,-14.002572604174969,317.8890226543864,0.5012405623154299,7.764750810405543e-44,1688.0547067503564,0.0,Non-normal,left-skewed; heavy-tailed,1,Consider Yeo-Johnson (supports zero/negative values) before normality-assuming methods.,0.05,13.6,15.6,distribution_profiles/plots/data_biwpc/GB32A033_D_hist_kde.png,distribution_profiles/plots/data_biwpc/GB32A033_D_qq.png
data_biwpc.csv,data_biwpc,GB32A0037R_D,866,15.20780600461894,15.2,0.3685889848855114,13.94,16.95,0.5,0.057636580414723776,0.8931892705326838,0.9924128777637498,0.00020658808963401934,15.956536284019961,0.00034283264613468146,Non-normal,approximately symmetric/unimodal,1,No transform indicated by this screen.,0.05,13.6,15.6,distribution_profiles/plots/data_biwpc/GB32A0037R_D_hist_kde.png,distribution_profiles/plots/data_biwpc/GB32A0037R_D_qq.png
data_biwpc.csv,data_biwpc,GB32A001_D,866,15.417032332563512,15.44,0.2815992173011329,14.21,16.39,0.3699999999999992,-0.33329146067249454,0.46007362070766566,0.9927124490029697,0.00029918764219777393,21.109629468301826,2.6067669338464414e-05,Non-normal,approximately symmetric/unimodal,1,No transform indicated by this screen.,0.05,13.6,15.6,distribution_profiles/plots/data_biwpc/GB32A001_D_hist_kde.png,distribution_profiles/plots/data_biwpc/GB32A001_D_qq.png
data_biwpc.csv,data_biwpc,FB23A797_D,866,1.4843764434180138,1.48,0.34187330459166126,0.25,2.52,0.47,0.10279793232771035,-0.07292343140793145,0.9978460108588798,0.33293015873974285,1.682301576996239,0.4312140016747582,Normal,approximately symmetric/unimodal,1,No transform indicated by this screen.,0.05,-0.5,2.5,distribution_profiles/plots/data_biwpc/FB23A797_D_hist_kde.png,distribution_profiles/plots/data_biwpc/FB23A797_D_qq.png
data_biwpc.csv,data_biwpc,GB22A796R_D,866,4.473314087759816,4.46,0.3846211086102644,3.25,6.15,0.5275000000000007,0.1393331994476889,0.5212504643660734,0.9958906900852666,0.021589542049828,9.721430301715454,0.007744943107418411,Non-normal,approximately symmetric/unimodal,1,No transform indicated by this screen.,0.05,2.5,5.5,distribution_profiles/plots/data_biwpc/GB22A796R_D_hist_kde.png,distribution_profiles/plots/data_biwpc/GB22A796R_D_qq.png
data_biwpc.csv,data_biwpc,GB22A797_D,866,4.195334872979215,4.175,0.3867088834806051,3.19,5.59,0.5375000000000005,0.37460450083377334,0.12721830273284995,0.9901857417030837,1.5558050679163247e-05,19.919001198001506,4.727634000139888e-05,Non-normal,approximately symmetric/unimodal,1,No transform indicated by this screen.,0.05,2.5,5.5,distribution_profiles/plots/data_biwpc/GB22A797_D_hist_kde.png,distribution_profiles/plots/data_biwpc/GB22A797_D_qq.png
